Date,Sentiment_Score
2016-01-01,0.0
2016-01-02,-0.09106666666666667
2016-01-03,0.0
2016-01-04,0.18716666666666668
2016-01-05,0.0
2016-01-06,0.0
2016-01-07,0.05403636363636364
2016-01-08,0.054925000000000015
2016-01-09,0.0
2016-01-10,0.6369
2016-01-11,0.2294
2016-01-12,0.03558
2016-01-13,0.08475999999999997
2016-01-14,0.2294
2016-01-15,-0.05015
2016-01-16,0.11976
2016-01-18,0.0
2016-01-19,0.0
2016-01-20,0.002740000000000009
2016-01-21,0.1726
2016-01-22,0.08808
2016-01-23,0.2802
2016-01-24,0.0
2016-01-25,0.0
2016-01-26,-0.0021142857142857113
2016-01-27,0.4404
2016-01-28,-0.05033333333333332
2016-01-29,0.2044625
2016-01-30,0.03655000000000001
2016-01-31,0.12726666666666667
2016-02-01,0.037340000000000005
2016-02-02,-0.019199999999999995
2016-02-03,-0.3404
2016-02-04,0.1779
2016-02-05,0.05746
2016-02-06,0.11194
2016-02-07,-0.23835
2016-02-08,-0.2263
2016-02-09,0.07138
2016-02-10,-0.1027
2016-02-11,0.03162142857142857
2016-02-12,-0.005071428571428578
2016-02-13,-0.0021
2016-02-14,-0.35015
2016-02-15,-0.3849333333333333
2016-02-16,0.219
2016-02-17,-0.1807
2016-02-18,-0.5423
2016-02-19,0.0
2016-02-20,-0.05516666666666666
2016-02-21,-0.09106666666666667
2016-02-23,0.0
2016-02-24,-0.2569
2016-02-25,0.0
2016-02-26,0.1591
2016-02-27,-0.4767
2016-02-28,0.0
2016-02-29,0.0
2016-03-01,-0.04390000000000001
2016-03-02,0.24974999999999997
2016-03-03,-0.0791
2016-03-04,-0.06677142857142856
2016-03-05,-0.31245
2016-03-06,0.0
2016-03-07,0.0
2016-03-08,0.1591
2016-03-09,0.08406666666666668
2016-03-10,0.06151666666666667
2016-03-11,0.008577777777777776
2016-03-12,-0.07955
2016-03-13,-0.5423
2016-03-14,0.07054
2016-03-16,0.175
2016-03-17,-0.0258
2016-03-18,0.0
2016-03-19,0.0
2016-03-20,0.1351
2016-03-21,-0.04765
2016-03-22,0.24695
2016-03-23,-0.24695
2016-03-24,0.0
2016-03-25,0.0
2016-03-26,0.06743333333333333
2016-03-28,0.5994
2016-03-29,-0.0683
2016-03-30,-0.105025
2016-03-31,0.07955
2016-04-01,0.12496666666666666
2016-04-02,0.1457
2016-04-03,0.27115
2016-04-04,0.042666666666666665
2016-04-05,-0.02363333333333333
2016-04-06,0.0
2016-04-07,-0.2018333333333334
2016-04-08,-0.019699999999999995
2016-04-09,0.16667500000000002
2016-04-11,0.0
2016-04-12,0.07558000000000001
2016-04-13,-0.148
2016-04-14,-0.2861333333333333
2016-04-15,0.315525
2016-04-16,0.2202
2016-04-17,-0.30975
2016-04-18,0.0
2016-04-19,-0.32214
2016-04-20,-0.06302222222222222
2016-04-21,-0.10846
2016-04-22,-0.019550000000000012
2016-04-23,0.00645
2016-04-24,0.0
2016-04-26,-0.022374999999999992
2016-04-27,-0.022688888888888894
2016-04-28,0.0
2016-04-29,0.007499999999999997
2016-04-30,0.41536
2016-05-01,0.40066666666666667
2016-05-02,0.0772
2016-05-03,-0.04447777777777777
2016-05-04,-0.06133333333333333
2016-05-05,0.10115
2016-05-06,0.0593
2016-05-07,0.1101
2016-05-08,0.31306666666666666
2016-05-09,-0.05829999999999999
2016-05-10,-0.220825
2016-05-11,-0.16390000000000002
2016-05-12,0.0813625
2016-05-13,-0.14155454545454546
2016-05-14,-0.20484
2016-05-15,-0.5423
2016-05-16,0.13158
2016-05-17,-0.053
2016-05-18,-0.1273125
2016-05-19,-0.32155
2016-05-20,-0.3073
2016-05-21,-0.06668333333333333
2016-05-22,0.0
2016-05-23,-0.66055
2016-05-24,0.10101666666666666
2016-05-25,-0.0824
2016-05-26,-0.0628
2016-05-27,-0.10198
2016-05-28,0.04790000000000001
2016-05-29,-0.22455
2016-05-30,0.09505
2016-05-31,0.18976
2016-06-01,0.059512499999999996
2016-06-03,0.085
2016-06-04,0.0
2016-06-05,0.0
2016-06-06,0.26553333333333334
2016-06-07,0.03354
2016-06-09,-0.31825
2016-06-10,0.0
2016-06-11,-0.15445
2016-06-12,-0.4019
2016-06-13,-0.13596666666666665
2016-06-14,0.06036666666666666
2016-06-15,0.02034999999999998
2016-06-16,-0.05382
2016-06-17,0.0919
2016-06-18,0.0
2016-06-19,-0.26940000000000003
2016-06-20,-0.23835
2016-06-21,0.5319
2016-06-22,0.0
2016-06-23,0.03771666666666667
2016-06-24,0.0
2016-06-25,0.0
2016-06-26,0.10715
2016-06-27,-0.26330000000000003
2016-06-28,0.04391249999999999
2016-06-29,-0.07965
2016-06-30,0.2357142857142857
2016-07-01,0.1364
2016-07-02,0.05174285714285715
2016-07-03,0.26335
2016-07-04,0.056575
2016-07-05,-0.01903999999999999
2016-07-06,-0.029266666666666673
2016-07-07,0.064
2016-07-08,0.03610000000000001
2016-07-09,0.15025
2016-07-10,0.3818
2016-07-11,0.11281666666666666
2016-07-12,0.08510000000000001
2016-07-13,0.068
2016-07-14,0.23954999999999999
2016-07-15,-0.07382
2016-07-16,0.0
2016-07-18,-0.40274999999999994
2016-07-19,0.014299999999999998
2016-07-20,0.022733333333333338
2016-07-21,0.048533333333333324
2016-07-22,0.070275
2016-07-23,0.4767
2016-07-25,-0.07305999999999999
2016-07-26,-0.14011666666666667
2016-07-27,0.07758333333333332
2016-07-28,0.213825
2016-07-29,-0.07761666666666667
2016-07-30,0.10118333333333333
2016-08-01,0.26733333333333337
2016-08-02,0.0803375
2016-08-03,0.0
2016-08-04,-0.07973333333333334
2016-08-05,-0.15339999999999998
2016-08-06,0.126
2016-08-07,0.0
2016-08-08,0.33999999999999997
2016-08-09,-0.007339999999999991
2016-08-10,0.14784999999999998
2016-08-11,0.18969999999999998
2016-08-12,-0.28185714285714286
2016-08-13,-0.03919999999999999
2016-08-14,0.3141
2016-08-15,0.0
2016-08-16,-0.20875
2016-08-17,0.09334
2016-08-18,0.061483333333333334
2016-08-19,0.08091999999999999
2016-08-20,-0.14554999999999998
2016-08-21,0.49135
2016-08-22,-0.148
2016-08-23,0.017159999999999998
2016-08-24,-0.06123333333333333
2016-08-25,0.0
2016-08-26,0.1790857142857143
2016-08-27,0.0903
2016-08-29,0.0979
2016-08-30,-0.023166666666666662
2016-08-31,0.12040000000000001
2016-09-01,0.0129
2016-09-02,0.21705
2016-09-03,-0.09545
2016-09-04,0.21075
2016-09-06,0.027999999999999997
2016-09-07,0.16812
2016-09-08,0.132975
2016-09-09,0.3461
2016-09-10,0.0
2016-09-11,0.155725
2016-09-12,-0.2049
2016-09-13,0.0
2016-09-14,0.0
2016-09-15,0.171025
2016-09-16,0.15028
2016-09-17,0.09753999999999999
2016-09-18,0.6486
2016-09-19,0.2317125
2016-09-21,-0.16125
2016-09-22,-0.03736666666666668
2016-09-23,0.0
2016-09-25,-0.1468
2016-09-26,-0.3919
2016-09-27,0.0
2016-09-29,-0.2755
2016-09-30,0.03771666666666667
2016-10-01,0.0
2016-10-03,0.1101
2016-10-04,-0.1365
2016-10-05,0.0
2016-10-06,-0.2524
2016-10-07,0.3567666666666667
2016-10-10,-0.25003333333333333
2016-10-11,-0.1806
2016-10-12,0.16667500000000002
2016-10-13,0.025639999999999996
2016-10-14,0.2263
2016-10-15,0.0
2016-10-16,0.0258
2016-10-17,0.4404
2016-10-18,0.51555
2016-10-19,-0.3612
2016-10-20,-0.0076999999999999786
2016-10-21,0.23433333333333337
2016-10-23,0.0
2016-10-24,-0.0593
2016-10-25,0.1248625
2016-10-26,0.14582499999999998
2016-10-27,0.04855
2016-10-28,-0.13971666666666668
2016-10-29,-0.042624999999999996
2016-10-31,0.0
2016-11-02,-0.4184333333333334
2016-11-03,-0.1366
2016-11-04,0.0
2016-11-05,0.024440000000000007
2016-11-06,0.37739999999999996
2016-11-07,0.5165333333333334
2016-11-08,0.192
2016-11-09,0.030550000000000008
2016-11-10,0.25185
2016-11-11,-0.047799999999999995
2016-11-12,0.0
2016-11-13,0.0
2016-11-14,-0.1663
2016-11-15,-0.125
2016-11-16,0.00746
2016-11-17,-0.1042
2016-11-18,-0.0620625
2016-11-19,-0.296
2016-11-20,0.0
2016-11-21,0.20095
2016-11-22,-0.33716666666666667
2016-11-23,0.053059999999999996
2016-11-24,0.10115
2016-11-25,-0.10606666666666666
2016-11-26,0.4215
2016-11-27,-0.1858
2016-11-28,-0.017116666666666665
2016-11-29,0.16555999999999998
2016-11-30,-0.2025
2016-12-01,-0.11794285714285713
2016-12-02,0.11315
2016-12-03,0.0
2016-12-05,-0.2732
2016-12-06,-0.7906
2016-12-07,0.17522857142857146
2016-12-08,-0.6124
2016-12-09,0.0
2016-12-10,-0.13396666666666665
2016-12-11,0.0
2016-12-12,-0.29295
2016-12-14,0.0258
2016-12-15,0.13779999999999998
2016-12-16,0.0
2016-12-17,0.0
2016-12-18,-0.09225
2016-12-20,0.3182
2016-12-22,-0.4393
2016-12-24,-0.23835
2016-12-26,0.3818
2016-12-27,0.0
2016-12-28,0.0
2016-12-29,0.249525
2016-12-30,-0.534
2017-01-01,-0.036
2017-01-02,0.0076962962962963
2017-01-03,0.14551875
2017-01-04,0.11483181818181819
2017-01-05,0.08457727272727272
2017-01-06,0.03112631578947368
2017-01-07,0.06358461538461538
2017-01-08,-0.002876470588235297
2017-01-09,0.036238297872340425
2017-01-10,0.1642
2017-01-11,0.016816129032258063
2017-01-12,0.04429818181818181
2017-01-13,0.13839459459459458
2017-01-14,0.10064166666666667
2017-01-15,0.12584166666666666
2017-01-16,0.0002735294117647051
2017-01-17,0.16733939393939393
2017-01-18,0.15828571428571428
2017-01-19,0.14257708333333333
2017-01-20,0.047096226415094346
2017-01-21,0.09165714285714285
2017-01-22,-0.1865666666666667
2017-01-23,0.058656521739130434
2017-01-24,0.08454318181818181
2017-01-25,0.15248378378378377
2017-01-26,0.13115000000000002
2017-01-27,0.05508918918918919
2017-01-28,0.024691666666666664
2017-01-29,-0.09032307692307692
2017-01-30,0.1043974358974359
2017-01-31,-0.0352
2017-02-01,0.08490267857142857
2017-02-02,0.1443791208791209
2017-02-03,0.18401016949152543
2017-02-04,0.1059
2017-02-05,-0.121
2017-02-06,0.17558235294117644
2017-02-07,0.05982448979591837
2017-02-08,0.036081
2017-02-09,0.06966447368421051
2017-02-10,0.1753804347826087
2017-02-11,0.06725
2017-02-12,0.0273
2017-02-13,-0.0003280701754385964
2017-02-14,0.08807999999999999
2017-02-15,-0.0502945945945946
2017-02-16,0.07553653846153846
2017-02-17,0.043543209876543205
2017-02-18,-0.004233333333333336
2017-02-19,0.1885888888888889
2017-02-20,0.13633870967741935
2017-02-21,0.10587627118644068
2017-02-22,-0.05454666666666667
2017-02-23,0.057932727272727275
2017-02-24,0.06953529411764706
2017-02-25,-0.09219999999999999
2017-02-26,0.025608333333333334
2017-02-27,-0.08979444444444445
2017-02-28,-0.0010756097560975576
2017-03-01,-0.02968679245283019
2017-03-02,0.13547058823529412
2017-03-03,-0.04705106382978723
2017-03-04,-0.004274999999999999
2017-03-05,0.11028518518518518
2017-03-06,0.017364583333333336
2017-03-07,0.1095
2017-03-08,0.050819444444444445
2017-03-09,-0.016726190476190478
2017-03-10,0.010547727272727275
2017-03-11,0.061509090909090916
2017-03-12,0.11175
2017-03-13,-0.15689999999999998
2017-03-14,0.17835681818181817
2017-03-15,0.07412702702702703
2017-03-16,0.16493139534883722
2017-03-17,0.06959545454545454
2017-03-18,-0.06132222222222223
2017-03-19,0.118655
2017-03-20,0.017729032258064516
2017-03-21,-0.041929268292682925
2017-03-22,0.10636285714285713
2017-03-23,0.08611111111111111
2017-03-24,0.10909285714285714
2017-03-25,-0.0016090909090909036
2017-03-26,0.11910666666666667
2017-03-27,-0.0673782608695652
2017-03-28,0.11247878787878787
2017-03-29,0.06636279069767441
2017-03-30,0.05234418604651163
2017-03-31,0.24153953488372093
2017-04-01,0.14285
2017-04-02,0.15230588235294118
2017-04-03,0.08851746031746031
2017-04-04,-0.15525531914893617
2017-04-05,0.032859090909090914
2017-04-06,-0.02686338028169014
2017-04-07,0.07338166666666666
2017-04-08,0.10673076923076923
2017-04-09,0.13177692307692307
2017-04-10,0.024857142857142855
2017-04-11,0.0930375
2017-04-12,0.020268421052631578
2017-04-13,0.008717647058823533
2017-04-14,-0.1316076923076923
2017-04-15,-0.06698333333333333
2017-04-16,0.17344285714285715
2017-04-17,-0.03203939393939394
2017-04-18,0.09268253968253969
2017-04-19,0.00205454545454546
2017-04-20,0.08493392857142856
2017-04-21,0.05729310344827586
2017-04-22,0.21882500000000002
2017-04-23,0.027157142857142855
2017-04-24,0.10723823529411765
2017-04-25,0.12311168831168831
2017-04-26,0.15689999999999998
2017-04-27,0.08571746031746032
2017-04-28,0.10145178571428572
2017-04-29,-0.047638461538461546
2017-04-30,0.028043749999999996
2017-05-01,-0.091625
2017-05-02,0.10552941176470587
2017-05-03,0.022998333333333332
2017-05-04,0.08225357142857144
2017-05-05,-0.009047916666666664
2017-05-06,-0.13666
2017-05-07,-0.06808333333333334
2017-05-08,0.06584375
2017-05-09,0.023278947368421055
2017-05-10,0.07281803278688524
2017-05-11,0.18910625
2017-05-12,0.11047395833333333
2017-05-13,0.027580000000000004
2017-05-14,-0.005958333333333334
2017-05-15,0.13497162162162163
2017-05-16,0.24091086956521737
2017-05-17,0.046203125
2017-05-18,0.08325166666666667
2017-05-19,0.05817419354838709
2017-05-20,0.1712090909090909
2017-05-21,0.140725
2017-05-22,0.133340625
2017-05-23,-0.019361538461538465
2017-05-24,0.15171041666666665
2017-05-25,0.12640689655172413
2017-05-26,0.11015882352941177
2017-05-27,-0.10845
2017-05-28,0.09165
2017-05-29,0.11521333333333333
2017-05-30,0.014842857142857144
2017-05-31,0.19184285714285712
2017-06-01,0.07611372549019609
2017-06-02,0.15275774647887325
2017-06-03,0.1625
2017-06-04,0.03526451612903226
2017-06-05,-0.08368695652173912
2017-06-06,0.10373870967741934
2017-06-07,0.031616513761467895
2017-06-08,0.04546792452830188
2017-06-09,0.030506172839506178
2017-06-10,0.18496249999999997
2017-06-11,-0.07522
2017-06-12,0.030884
2017-06-13,0.07816279069767443
2017-06-14,0.062467032967032966
2017-06-15,0.012356896551724136
2017-06-16,0.05897777777777777
2017-06-17,0.006326666666666662
2017-06-18,0.09384444444444445
2017-06-19,0.10854202898550724
2017-06-20,0.1446609756097561
2017-06-21,-0.025647142857142858
2017-06-22,0.0050257575757575775
2017-06-23,0.040934090909090906
2017-06-24,0.12618333333333334
2017-06-25,0.06838333333333334
2017-06-26,0.02265625
2017-06-27,0.13411346153846154
2017-06-28,0.03640322580645162
2017-06-29,0.05486226415094339
2017-06-30,0.10939000000000002
2017-07-01,0.11058125000000002
2017-07-02,0.1297037037037037
2017-07-03,0.08900545454545454
2017-07-04,0.08977936507936508
2017-07-05,0.019825
2017-07-06,0.10655254237288135
2017-07-07,0.13119705882352942
2017-07-08,0.03522777777777778
2017-07-09,-0.00477647058823529
2017-07-10,0.10510740740740741
2017-07-11,0.08642142857142857
2017-07-12,0.0923186440677966
2017-07-13,0.13307628865979382
2017-07-14,0.0688030303030303
2017-07-15,0.12687142857142858
2017-07-16,-0.06720000000000001
2017-07-17,0.09029615384615385
2017-07-18,0.048622580645161284
2017-07-19,0.13238533333333333
2017-07-20,0.1046225
2017-07-21,0.2081212765957447
2017-07-22,0.1333
2017-07-23,0.14648235294117645
2017-07-24,0.139908
2017-07-25,0.11704545454545455
2017-07-26,0.10414473684210526
2017-07-27,0.1853984126984127
2017-07-28,0.12631967213114753
2017-07-29,0.04068
2017-07-30,0.027669999999999993
2017-07-31,0.17022093023255813
2017-08-01,0.05944838709677419
2017-08-02,0.0032732919254658374
2017-08-03,0.02629268292682927
2017-08-04,0.04417758620689655
2017-08-05,0.10285294117647059
2017-08-06,0.10734999999999999
2017-08-07,0.0617169014084507
2017-08-08,0.11298765432098765
2017-08-09,0.046462500000000004
2017-08-10,0.029534722222222223
2017-08-11,0.05056422018348624
2017-08-12,-0.15
2017-08-13,-0.03308
2017-08-14,-0.04652641509433962
2017-08-15,-0.12255263157894737
2017-08-16,0.059434782608695655
2017-08-17,0.10327118644067797
2017-08-18,-0.029224615384615384
2017-08-19,0.015608333333333335
2017-08-20,-0.039315
2017-08-21,0.028243283582089555
2017-08-22,0.019851562499999996
2017-08-23,0.16599545454545456
2017-08-24,0.052594736842105264
2017-08-25,0.15650526315789473
2017-08-26,0.1323
2017-08-27,0.12039285714285716
2017-08-28,0.11195178571428573
2017-08-29,-0.06297758620689656
2017-08-30,0.048584482758620685
2017-08-31,0.05131911764705882
2017-09-01,0.09017843137254902
2017-09-02,0.13251111111111114
2017-09-03,-0.040479999999999995
2017-09-04,-0.10477916666666666
2017-09-05,-0.013423333333333332
2017-09-06,0.0032159999999999975
2017-09-07,0.04185322580645162
2017-09-08,0.05143518518518518
2017-09-09,-0.10308400000000001
2017-09-10,0.09621379310344827
2017-09-11,0.08690615384615386
2017-09-12,0.10426666666666667
2017-09-13,0.09136949152542374
2017-09-14,0.025258904109589038
2017-09-15,-0.019564285714285715
2017-09-16,0.09430000000000002
2017-09-17,-0.028221739130434784
2017-09-18,0.13949722222222222
2017-09-19,0.11718333333333335
2017-09-20,0.040499999999999994
2017-09-21,0.10205555555555555
2017-09-22,0.0342
2017-09-23,-0.05504615384615385
2017-09-24,-0.08866
2017-09-25,0.03914666666666667
2017-09-26,0.07109285714285714
2017-09-27,0.05682424242424242
2017-09-28,0.05608793103448276
2017-09-29,0.045763793103448275
2017-09-30,0.043266666666666655
2017-10-01,0.1009235294117647
2017-10-02,0.10180555555555555
2017-10-03,0.07672857142857142
2017-10-04,0.07309176470588234
2017-10-05,-0.0067812499999999965
2017-10-06,0.11771929824561403
2017-10-07,0.08306
2017-10-08,0.06882727272727272
2017-10-09,0.10385869565217391
2017-10-10,0.04765757575757577
2017-10-11,0.0682765625
2017-10-12,0.086195
2017-10-13,0.0847
2017-10-14,0.009687500000000005
2017-10-15,0.08890000000000002
2017-10-16,0.147959649122807
2017-10-17,0.03332739726027397
2017-10-18,0.023943181818181815
2017-10-19,0.04290294117647059
2017-10-20,0.05769666666666666
2017-10-21,-0.04376000000000001
2017-10-22,0.026881818181818184
2017-10-23,0.019147368421052628
2017-10-24,0.13955882352941176
2017-10-25,0.22979999999999998
2017-10-26,0.10533692307692308
2017-10-27,0.17754666666666666
2017-10-28,0.07760666666666666
2017-10-29,-0.21880769230769231
2017-10-30,0.1142625
2017-10-31,0.03582333333333333
2017-11-01,0.22890793650793653
2017-11-02,0.1961142857142857
2017-11-03,0.008054545454545455
2017-11-04,-0.051333333333333335
2017-11-05,-0.057395238095238096
2017-11-06,0.120225
2017-11-07,0.1459892857142857
2017-11-08,-0.012323333333333332
2017-11-09,0.1181
2017-11-10,0.01591320754716981
2017-11-11,0.12731666666666666
2017-11-12,0.1483142857142857
2017-11-13,-0.013325925925925929
2017-11-14,0.13221509433962264
2017-11-15,0.06543
2017-11-16,0.16833389830508474
2017-11-17,-0.027168918918918924
2017-11-18,-0.046657142857142855
2017-11-19,0.015094117647058833
2017-11-20,0.08188153846153846
2017-11-21,0.10079218749999999
2017-11-22,0.17868166666666668
2017-11-23,0.0767170731707317
2017-11-24,0.10903999999999998
2017-11-25,0.06229999999999999
2017-11-26,0.005262499999999996
2017-11-27,0.07447826086956522
2017-11-28,0.06485370370370369
2017-11-29,0.11376461538461538
2017-11-30,0.03222058823529411
2017-12-01,0.0
2017-12-02,0.0
2017-12-03,0.08757391304347825
2017-12-04,0.11391016949152542
2017-12-05,0.028274603174603178
2017-12-06,0.04081333333333333
2017-12-07,0.12559074074074075
2017-12-08,0.22667857142857145
2017-12-09,0.21367857142857144
2017-12-10,0.13454117647058825
2017-12-11,0.07577611940298508
2017-12-12,0.06612380952380953
2017-12-13,0.022334782608695647
2017-12-14,0.17345076923076924
2017-12-15,0.18866086956521738
2017-12-16,-0.02265714285714286
2017-12-17,0.07808999999999999
2017-12-18,0.09841914893617022
2017-12-19,0.12013617021276596
2017-12-20,0.07825192307692307
2017-12-21,0.11026666666666667
2017-12-22,0.13006491228070174
2017-12-23,0.028517647058823536
2017-12-24,-0.05029333333333333
2017-12-25,-0.044123076923076925
2017-12-26,0.09960833333333333
2017-12-27,0.08568108108108108
2017-12-28,0.06596451612903226
2017-12-29,0.11317857142857143
2017-12-30,0.0492
2017-12-31,-0.06296428571428571
2018-01-01,0.083804
2018-01-02,0.10045909090909091
2018-01-03,0.08636470588235294
2018-01-04,0.10864328358208955
2018-01-05,0.05846724137931034
2018-01-06,0.001980000000000004
2018-01-07,0.026387499999999994
2018-01-08,0.16048727272727273
2018-01-09,0.16837678571428571
2018-01-10,0.1419446153846154
2018-01-11,0.12998837209302325
2018-01-12,0.09500963855421686
2018-01-13,-0.009466666666666668
2018-01-14,0.20664615384615384
2018-01-15,0.05011098901098902
2018-01-16,0.10926785714285714
2018-01-17,0.047701428571428575
2018-01-18,0.16920142857142859
2018-01-19,0.0789811320754717
2018-01-20,0.05475000000000001
2018-01-21,-0.1275909090909091
2018-01-22,0.16684871794871795
2018-01-23,0.1774970588235294
2018-01-24,0.1143344262295082
2018-01-25,0.03478730158730159
2018-01-26,0.04856666666666667
2018-01-27,0.143
2018-01-28,0.052000000000000005
2018-01-29,0.1503731343283582
2018-01-30,0.07013731343283583
2018-01-31,0.1869909090909091
2018-02-01,0.12045315315315315
2018-02-02,0.12073636363636363
2018-02-03,-0.14966153846153848
2018-02-04,0.067484
2018-02-05,-0.022815384615384612
2018-02-06,0.0448774647887324
2018-02-07,0.01566517857142857
2018-02-08,0.1567939393939394
2018-02-09,0.0206
2018-02-10,-0.02645609756097561
2018-02-11,-0.014782608695652176
2018-02-12,0.11715844155844156
2018-02-13,0.07393095238095239
2018-02-14,0.07958474576271186
2018-02-15,-0.05270307692307692
2018-02-16,0.01314655172413793
2018-02-17,-0.19886428571428572
2018-02-18,-0.011322727272727269
2018-02-19,-0.0015255319148936132
2018-02-20,-0.09450892857142858
2018-02-21,0.08454074074074074
2018-02-22,0.04193333333333333
2018-02-23,0.12503432835820896
2018-02-24,-0.09678260869565217
2018-02-25,-0.20528125
2018-02-26,0.08387285714285715
2018-02-27,0.05952093023255814
2018-02-28,-0.012154237288135599
2018-03-01,0.09440481927710843
2018-03-02,-0.051149999999999994
2018-03-03,-0.2968
2018-03-04,-0.050786666666666654
2018-03-05,-0.06695285714285715
2018-03-06,-0.02666825396825397
2018-03-07,-0.07003875
2018-03-08,0.05749152542372881
2018-03-09,0.11630625
2018-03-10,-0.21178
2018-03-11,-0.15113333333333334
2018-03-12,0.19396034482758623
2018-03-13,0.0058517241379310355
2018-03-14,-0.011625581395348842
2018-03-15,0.06995857142857143
2018-03-16,0.024270491803278685
2018-03-17,0.07888461538461539
2018-03-18,-0.20235833333333333
2018-03-19,-0.00271090909090909
2018-03-20,0.018188372093023257
2018-03-21,0.07143389830508474
2018-03-22,-0.002492105263157898
2018-03-23,-0.293802380952381
2018-03-24,-0.15461739130434782
2018-03-25,-0.05735714285714285
2018-03-26,-0.011031818181818186
2018-03-27,0.008898484848484848
2018-03-28,0.04214262295081967
2018-03-29,0.05821666666666667
2018-03-30,-0.21262857142857144
2018-03-31,0.061985714285714276
2018-04-01,-0.019616666666666657
2018-04-02,-0.028331884057971015
2018-04-03,0.0285907894736842
2018-04-04,-0.0241340425531915
2018-04-05,-0.007478225806451614
2018-04-06,-0.04996363636363636
2018-04-07,-0.08665
2018-04-08,0.013081250000000003
2018-04-09,0.10918484848484848
2018-04-10,-0.0009061538461538557
2018-04-11,-0.002711392405063299
2018-04-12,-0.006921052631578952
2018-04-13,0.0982635135135135
2018-04-14,0.06395
2018-04-15,0.07252222222222222
2018-04-16,0.057425806451612896
2018-04-17,0.030185714285714284
2018-04-18,0.06367721518987342
2018-04-19,0.00899324324324324
2018-04-20,0.04059090909090909
2018-04-21,-0.022706249999999997
2018-04-22,0.12986363636363635
2018-04-23,0.04429
2018-04-24,0.10643333333333332
2018-04-25,0.2323794117647059
2018-04-26,0.11492678571428572
2018-04-27,0.063558
2018-04-28,-0.019208333333333327
2018-04-29,0.13169999999999998
2018-04-30,0.2476093023255814
2018-05-01,0.11546800000000002
2018-05-02,0.12376274509803921
2018-05-03,0.0729
2018-05-04,0.1293608695652174
2018-05-05,0.018
2018-05-06,0.1266307692307692
2018-05-07,0.1630235294117647
2018-05-08,0.037198214285714286
2018-05-09,0.07759565217391304
2018-05-10,0.05872280701754385
2018-05-11,0.10998958333333335
2018-05-12,0.104475
2018-05-13,0.07384285714285714
2018-05-14,0.08135263157894737
2018-05-15,-0.008159574468085105
2018-05-16,-0.05400454545454545
2018-05-17,-0.05938181818181818
2018-05-18,-0.09019384615384615
2018-05-19,-0.14035384615384616
2018-05-20,-0.05828571428571429
2018-05-21,-0.16283333333333336
2018-05-22,0.0637890625
2018-05-23,0.11939649122807018
2018-05-24,0.059753623188405804
2018-05-25,0.06922765957446808
2018-05-26,-0.030721428571428563
2018-05-27,0.06244736842105264
2018-05-28,0.11850425531914893
2018-05-29,-0.047465517241379304
2018-05-30,-0.08507272727272727
2018-05-31,0.09827959183673468
2018-06-01,0.022644776119402982
2018-06-02,-0.038485
2018-06-03,0.047628000000000004
2018-06-04,0.08729848484848485
2018-06-05,0.06405490196078431
2018-06-06,0.10422561983471074
2018-06-07,0.1260926470588235
2018-06-08,0.0416403846153846
2018-06-09,0.02044666666666667
2018-06-10,-0.07149333333333334
2018-06-11,0.07843802816901409
2018-06-12,0.09760945945945945
2018-06-13,0.15146901408450703
2018-06-14,0.020222857142857147
2018-06-15,0.01686129032258065
2018-06-16,-0.03914347826086956
2018-06-17,-0.10297222222222223
2018-06-18,0.029749350649350647
2018-06-19,-0.10391351351351352
2018-06-20,-0.030264102564102568
2018-06-21,0.03604354838709677
2018-06-22,-0.04095555555555556
2018-06-23,-0.03386
2018-06-24,0.12134
2018-06-25,-0.0007499999999999972
2018-06-26,-0.03312407407407408
2018-06-27,-0.052074358974358984
2018-06-28,-0.09762500000000002
2018-06-29,-0.0036769230769230776
2018-06-30,-0.21704615384615386
2018-07-01,0.08142
2018-07-02,0.01397796610169492
2018-07-03,0.11074487179487179
2018-07-04,0.0803046511627907
2018-07-05,0.05127166666666667
2018-07-06,-0.07630131578947369
2018-07-07,-0.007531818181818195
2018-07-08,-0.04444000000000002
2018-07-09,0.026881159420289853
2018-07-10,0.171803125
2018-07-11,-0.027836000000000007
2018-07-12,0.07237622950819672
2018-07-13,0.1849761904761905
2018-07-14,-0.13090869565217392
2018-07-15,0.198025
2018-07-16,0.06911176470588236
2018-07-17,0.07502876712328767
2018-07-18,0.03651818181818182
2018-07-19,0.01710185185185185
2018-07-20,0.07589692307692308
2018-07-21,-0.09036363636363637
2018-07-22,-0.04182272727272727
2018-07-23,0.06770508474576271
2018-07-24,-0.00019310344827586377
2018-07-25,0.13597719298245614
2018-07-26,0.17405
2018-07-27,0.1633568181818182
2018-07-28,0.20147692307692308
2018-07-29,0.01057142857142857
2018-07-30,0.0994846153846154
2018-07-31,0.04705681818181818
2018-08-01,-0.00881769911504425
2018-08-02,0.01817333333333333
2018-08-03,0.06867399999999999
2018-08-04,-0.09598888888888892
2018-08-05,-0.044959090909090914
2018-08-06,0.1257423076923077
2018-08-07,0.050039682539682544
2018-08-08,0.16079555555555555
2018-08-09,0.152475
2018-08-10,0.07535227272727273
2018-08-11,0.08198888888888888
2018-08-12,-0.12079333333333334
2018-08-13,-0.043062711864406786
2018-08-14,0.02088101265822785
2018-08-15,0.09862222222222222
2018-08-16,-0.08829193548387097
2018-08-17,0.04657368421052631
2018-08-18,-0.09719473684210526
2018-08-19,-0.022740000000000007
2018-08-20,0.12589
2018-08-21,0.07936078431372551
2018-08-22,0.031333333333333324
2018-08-23,-0.028813333333333337
2018-08-24,0.03632549019607843
2018-08-25,0.037169230769230774
2018-08-26,0.009426666666666665
2018-08-27,0.057542622950819675
2018-08-28,0.13190344827586206
2018-08-29,-0.00868196721311476
2018-08-30,0.11773448275862068
2018-08-31,0.00876216216216216
2018-09-01,-0.1009375
2018-09-02,-0.12495263157894738
2018-09-03,0.10934444444444444
2018-09-04,-0.01844489795918367
2018-09-05,-0.056786249999999996
2018-09-06,-0.029160563380281692
2018-09-07,-0.052067213114754096
2018-09-08,-0.14809999999999998
2018-09-09,0.16723157894736843
2018-09-10,-0.07997362637362637
2018-09-11,-0.027022222222222225
2018-09-12,0.00299857142857143
2018-09-13,-0.08101363636363636
2018-09-14,0.01691481481481482
2018-09-15,0.07039047619047618
2018-09-16,0.12630399999999997
2018-09-17,0.03028426966292135
2018-09-18,-0.035434065934065936
2018-09-19,0.018943333333333333
2018-09-20,-0.01714054054054054
2018-09-21,0.08939298245614034
2018-09-22,0.07197692307692308
2018-09-23,0.0045181818181818205
2018-09-24,-0.021629166666666665
2018-09-25,0.017727586206896552
2018-09-26,-0.04120845070422535
2018-09-27,0.045423611111111116
2018-09-28,-0.058186440677966106
2018-09-29,-0.04474117647058823
2018-09-30,-0.07799565217391305
2018-10-01,0.0691603448275862
2018-10-02,0.06510625
2018-10-03,0.018768749999999997
2018-10-04,-0.05320636363636364
2018-10-05,0.015396874999999999
2018-10-06,-0.10269583333333332
2018-10-07,-0.04702333333333333
2018-10-08,0.04332432432432432
2018-10-09,-0.03295571428571428
2018-10-10,0.04483636363636364
2018-10-11,0.0009395604395604361
2018-10-12,0.0567169014084507
2018-10-13,0.12943529411764707
2018-10-14,-0.02274666666666666
2018-10-15,-0.034476056338028166
2018-10-16,0.11007619047619048
2018-10-17,0.10354745762711864
2018-10-18,0.050774074074074076
2018-10-19,-0.010167441860465117
2018-10-20,0.15625
2018-10-21,-0.13586666666666666
2018-10-22,0.0007392857142857181
2018-10-23,-0.06119795918367347
2018-10-24,0.061134246575342464
2018-10-25,0.015298591549295781
2018-10-26,0.08977916666666667
2018-10-27,-0.032635294117647054
2018-10-28,-0.09711764705882353
2018-10-29,0.0585375
2018-10-30,-0.06666923076923077
2018-10-31,0.10706391752577321
2018-11-01,0.07261428571428571
2018-11-02,0.04957702702702702
2018-11-03,0.15108947368421052
2018-11-04,0.01988571428571429
2018-11-05,-0.059894520547945196
2018-11-06,0.07972898550724639
2018-11-07,0.04700555555555555
2018-11-08,0.11514666666666666
2018-11-09,-0.032242857142857136
2018-11-10,-0.056619047619047624
2018-11-11,0.005940540540540537
2018-11-12,0.011930508474576277
2018-11-13,0.00955283018867924
2018-11-14,-0.017605714285714284
2018-11-15,-0.008644615384615386
2018-11-16,0.1143
2018-11-17,0.025530769230769232
2018-11-18,-0.10006304347826087
2018-11-19,0.06594342105263158
2018-11-20,0.05853132530120481
2018-11-21,0.13666440677966102
2018-11-22,0.012422222222222225
2018-11-23,-0.015150000000000002
2018-11-24,0.025015000000000003
2018-11-25,0.15928461538461539
2018-11-26,0.052006896551724136
2018-11-27,-0.028589705882352944
2018-11-28,0.04227
2018-11-29,0.094
2018-11-30,0.049075
2018-12-01,-0.02341333333333334
2018-12-02,-0.02739354838709677
2018-12-03,0.049181690140845065
2018-12-04,0.09013333333333333
2018-12-05,0.06723119266055046
2018-12-06,-0.0337752688172043
2018-12-07,-0.023009803921568633
2018-12-08,0.046324999999999984
2018-12-09,0.15853529411764705
2018-12-10,-0.037956565656565654
2018-12-11,0.007183333333333337
2018-12-12,0.06035416666666666
2018-12-13,0.13303734939759035
2018-12-14,0.032745762711864405
2018-12-15,0.04199166666666667
2018-12-16,-0.1446066666666667
2018-12-17,0.07560476190476191
2018-12-18,-0.04221803278688525
2018-12-19,0.0699967741935484
2018-12-20,0.0027483333333333296
2018-12-21,-0.07532142857142857
2018-12-22,-0.1429529411764706
2018-12-23,-0.052361538461538466
2018-12-24,0.05402083333333333
2018-12-25,-0.11138636363636363
2018-12-26,0.009457142857142858
2018-12-27,-0.1953
2018-12-28,-0.03405
2018-12-29,0.6249
2018-12-30,-0.007800000000000029
2018-12-31,-0.030988888888888885
2019-01-01,0.09873658536585365
2019-01-02,0.06756739130434783
2019-01-03,0.051300000000000005
2019-01-04,0.057335185185185183
2019-01-05,0.02017142857142857
2019-01-06,-0.18816666666666665
2019-01-07,0.0069885245901639345
2019-01-08,0.09072241379310345
2019-01-09,0.07308367346938775
2019-01-10,0.04010322580645161
2019-01-11,-0.06390487804878048
2019-01-12,0.11645999999999998
2019-01-13,-0.16432857142857143
2019-01-14,0.049196721311475414
2019-01-15,0.2462098039215686
2019-01-16,0.11588979591836736
2019-01-17,0.0032977777777777706
2019-01-18,-0.021857446808510636
2019-01-19,0.04441578947368421
2019-01-20,0.07192307692307692
2019-01-21,0.044046875
2019-01-22,0.13105641025641027
2019-01-23,0.14190263157894736
2019-01-24,0.08972799999999999
2019-01-25,0.12589024390243903
2019-01-26,-0.10176
2019-01-27,-0.018488235294117646
2019-01-28,0.07998205128205128
2019-01-29,-0.010170212765957441
2019-01-30,0.1183952380952381
2019-01-31,0.07882307692307691
2019-02-01,0.19882153846153847
2019-02-02,0.015035714285714282
2019-02-03,-0.10023076923076922
2019-02-04,0.032357777777777784
2019-02-05,0.0425029411764706
2019-02-06,0.12993333333333335
2019-02-07,0.10866261682242992
2019-02-08,-0.026218965517241375
2019-02-09,-0.04126666666666667
2019-02-10,0.30557
2019-02-11,0.09534878048780487
2019-02-12,0.034013636363636364
2019-02-13,0.06314038461538461
2019-02-14,-0.04126176470588235
2019-02-15,0.11002666666666668
2019-02-16,-0.23046666666666668
2019-02-17,-0.09808235294117645
2019-02-18,-0.07258305084745763
2019-02-19,0.1469125
2019-02-20,0.06096153846153847
2019-02-21,0.15259777777777778
2019-02-22,0.05135555555555556
2019-02-23,0.20638333333333334
2019-02-24,-0.009866666666666666
2019-02-25,0.014897500000000004
2019-02-26,-0.11937500000000001
2019-02-27,-0.025319565217391305
2019-02-28,0.018166666666666668
2019-03-01,0.1587591836734694
2019-03-02,-0.2616
2019-03-03,-0.07543333333333334
2019-03-04,0.07276111111111111
2019-03-05,0.13290249999999998
2019-03-06,0.13093783783783786
2019-03-07,0.11019166666666666
2019-03-08,0.05739642857142858
2019-03-09,-0.05992857142857142
2019-03-10,-0.2371
2019-03-11,-0.03678235294117647
2019-03-12,0.07021632653061224
2019-03-13,0.07357111111111111
2019-03-14,0.11325714285714285
2019-03-15,0.131164
2019-03-16,0.007709999999999997
2019-03-17,-0.085185
2019-03-18,0.033392500000000006
2019-03-19,0.11930731707317072
2019-03-20,0.10017857142857144
2019-03-21,-0.18426666666666666
2019-03-22,0.1491722222222222
2019-03-23,0.05454545454545454
2019-03-24,0.07297647058823531
2019-03-25,0.0027309523809523847
2019-03-26,0.07033571428571428
2019-03-27,0.0737
2019-03-28,0.09513589743589744
2019-03-29,0.16726176470588236
2019-03-30,-0.19911428571428572
2019-03-31,0.026550000000000008
2019-04-01,0.18723421052631578
2019-04-02,0.03181449275362319
2019-04-03,0.07212857142857143
2019-04-04,0.025877777777777774
2019-04-05,0.04073793103448276
2019-04-06,0.08689999999999999
2019-04-07,-0.17390909090909093
2019-04-08,0.10123653846153848
2019-04-09,0.06566222222222222
2019-04-10,-0.010737837837837836
2019-04-11,0.062154838709677425
2019-04-12,-0.0072238095238095264
2019-04-13,0.08082941176470589
2019-04-14,-0.03820714285714285
2019-04-15,0.11342222222222223
2019-04-16,0.1391705882352941
2019-04-17,0.0312590909090909
2019-04-18,0.06376333333333334
2019-04-19,0.06699473684210526
2019-04-20,0.1699875
2019-04-21,0.2016705882352941
2019-04-22,0.09177027027027027
2019-04-23,0.11105714285714285
2019-04-24,0.13301960784313727
2019-04-25,0.1112
2019-04-26,0.08110731707317073
2019-04-27,0.21883
2019-04-28,0.17921428571428571
2019-04-29,0.05312499999999999
2019-04-30,0.10078139534883722
2019-05-01,-0.00615384615384615
2019-05-02,0.09562285714285716
2019-05-03,-0.0307939393939394
2019-05-04,0.08248000000000001
2019-05-05,0.0714875
2019-05-06,0.014883673469387758
2019-05-07,0.011325
2019-05-08,-0.03525416666666667
2019-05-09,0.1012037037037037
2019-05-10,-0.044297727272727266
2019-05-11,0.026407692307692313
2019-05-12,-0.42572857142857146
2019-05-13,-0.01311311475409836
2019-05-14,-0.23374666666666669
2019-05-15,0.07351052631578947
2019-05-16,0.08366428571428572
2019-05-17,0.043591489361702124
2019-05-18,-0.13005
2019-05-19,0.13623749999999998
2019-05-20,0.228965
2019-05-21,0.11529411764705882
2019-05-22,0.10035333333333334
2019-05-23,0.16110476190476192
2019-05-24,0.20701250000000002
2019-05-25,-0.01358181818181818
2019-05-26,0.15217857142857144
2019-05-27,0.07399705882352942
2019-05-28,0.13277608695652174
2019-05-29,-0.0653537037037037
2019-05-30,-0.049808000000000005
2019-05-31,0.05258857142857142
2019-06-01,-0.29512222222222223
2019-06-02,-0.0033952380952380914
2019-06-03,0.07895074626865671
2019-06-04,0.06014571428571428
2019-06-05,0.11969
2019-06-06,-0.11165142857142857
2019-06-07,0.016143103448275856
2019-06-08,0.10534666666666667
2019-06-09,-0.09326842105263158
2019-06-10,-0.055315
2019-06-11,0.010013793103448274
2019-06-12,-0.016124999999999997
2019-06-13,0.03406
2019-06-14,0.012527631578947374
2019-06-15,-0.03503333333333334
2019-06-16,-0.3340375
2019-06-17,-0.044696666666666676
2019-06-18,0.07013962264150944
2019-06-19,-0.02050615384615384
2019-06-20,0.04193043478260869
2019-06-21,-0.0002999999999999983
2019-06-22,0.04556521739130435
2019-06-23,-0.21046315789473685
2019-06-24,0.013819718309859154
2019-06-25,0.1265
2019-06-26,0.09320819672131148
2019-06-27,0.0759857142857143
2019-06-28,-0.0413188679245283
2019-06-29,-0.07141851851851852
2019-06-30,-0.16041
2019-07-01,-0.04491219512195122
2019-07-02,0.06640652173913042
2019-07-03,0.1018676923076923
2019-07-04,0.11392181818181818
2019-07-05,0.08270215053763441
2019-07-06,0.07990833333333333
2019-07-07,0.1103
2019-07-08,0.03326578947368421
2019-07-09,0.012346153846153847
2019-07-10,0.03496
2019-07-11,0.041120000000000004
2019-07-12,0.04828513513513513
2019-07-13,0.0825529411764706
2019-07-14,-0.003475000000000006
2019-07-15,0.1755375
2019-07-16,0.023269047619047616
2019-07-17,0.04303428571428572
2019-07-18,0.19808125
2019-07-19,0.0392468085106383
2019-07-20,0.08798333333333334
2019-07-21,0.09505833333333334
2019-07-22,0.09556363636363636
2019-07-23,0.04605348837209302
2019-07-24,0.1592638888888889
2019-07-25,0.11727380952380953
2019-07-26,0.03104736842105263
2019-07-27,-0.009964285714285712
2019-07-28,0.0910904761904762
2019-07-29,0.03356923076923077
2019-07-30,0.0398
2019-07-31,0.06670277777777778
2019-08-01,0.011469117647058826
2019-08-02,-0.007884946236559142
2019-08-03,0.044950000000000004
2019-08-04,-0.1428230769230769
2019-08-05,-0.10609487179487179
2019-08-06,-0.039665217391304346
2019-08-07,0.025639669421487606
2019-08-08,0.018889473684210522
2019-08-09,-0.0242
2019-08-10,0.03155833333333333
2019-08-11,-0.13767333333333334
2019-08-12,-0.04273333333333333
2019-08-13,-0.05395757575757576
2019-08-14,-0.024104545454545462
2019-08-15,-0.02673478260869565
2019-08-16,0.023208955223880598
2019-08-17,0.08077333333333332
2019-08-18,0.18610689655172413
2019-08-19,0.20193076923076922
2019-08-20,0.09122368421052632
2019-08-21,-0.007055319148936168
2019-08-22,-0.03341967213114755
2019-08-23,0.09791333333333332
2019-08-24,0.09505999999999996
2019-08-25,-0.024678260869565233
2019-08-26,0.04583676470588235
2019-08-27,0.05498260869565217
2019-08-28,0.011773846153846156
2019-08-29,0.107194
2019-08-30,0.08771044776119402
2019-08-31,0.1592909090909091
2019-09-01,-0.16915882352941178
2019-09-02,-0.07416904761904763
2019-09-03,-0.0156920634920635
2019-09-04,0.15311774193548386
2019-09-05,0.1368033898305085
2019-09-06,0.07805833333333333
2019-09-07,-0.10386153846153846
2019-09-08,-0.09685555555555554
2019-09-09,-0.0057227272727272795
2019-09-10,-0.07125483870967741
2019-09-11,0.03746052631578947
2019-09-12,0.04411818181818181
2019-09-13,-0.027765957446808508
2019-09-14,0.13280833333333333
2019-09-15,-0.015681818181818186
2019-09-16,-0.12992745098039216
2019-09-17,-0.05874324324324324
2019-09-18,-0.027502222222222223
2019-09-19,0.007862686567164177
2019-09-20,0.14621898734177213
2019-09-21,-0.024564000000000002
2019-09-22,-0.03870689655172415
2019-09-23,0.14464166666666667
2019-09-24,0.089175
2019-09-25,0.05308775510204082
2019-09-26,0.12525454545454545
2019-09-27,0.08475128205128205
2019-09-28,0.13949166666666668
2019-09-29,-0.09306
2019-09-30,0.008909876543209877
2019-10-01,0.04703943661971831
2019-10-02,-0.08215652173913042
2019-10-03,-0.1265574074074074
2019-10-04,-0.03547549019607843
2019-10-05,0.064545
2019-10-06,-0.03791875000000001
2019-10-07,0.04433488372093024
2019-10-08,0.013829411764705887
2019-10-09,0.05572978723404255
2019-10-10,-0.03538985507246377
2019-10-11,0.039120408163265306
2019-10-12,-0.0829
2019-10-13,-0.05321999999999999
2019-10-14,0.12890677966101696
2019-10-15,0.04429818181818181
2019-10-16,0.052089583333333335
2019-10-17,0.008637500000000003
2019-10-18,0.10116750000000001
2019-10-19,-0.04311176470588235
2019-10-20,0.018023076923076913
2019-10-21,-0.05696774193548388
2019-10-22,0.13343191489361703
2019-10-23,0.07102068965517241
2019-10-24,0.04719459459459458
2019-10-25,0.14427307692307692
2019-10-26,0.15707272727272728
2019-10-27,0.10193
2019-10-28,0.2157
2019-10-29,0.16615625
2019-10-30,0.08211463414634146
2019-10-31,0.1112265625
2019-11-01,0.06236666666666666
2019-11-02,0.10841111111111111
2019-11-03,0.018149999999999986
2019-11-04,0.18130000000000002
2019-11-05,0.027671875000000005
2019-11-06,0.050445652173913044
2019-11-07,0.15142833333333333
2019-11-08,-0.02860204081632653
2019-11-09,-0.24008333333333334
2019-11-10,-0.13595000000000002
2019-11-11,-0.013908333333333335
2019-11-12,-0.08064545454545455
2019-11-13,0.011164864864864869
2019-11-14,-0.012442857142857143
2019-11-15,0.18474193548387097
2019-11-16,-0.10124166666666667
2019-11-17,-0.04154444444444444
2019-11-18,0.07163333333333333
2019-11-19,0.011329787234042552
2019-11-20,-0.06995384615384616
2019-11-21,0.1051111111111111
2019-11-22,-0.020478571428571426
2019-11-23,0.2127142857142857
2019-11-24,0.028219999999999995
2019-11-25,0.20400000000000001
2019-11-26,0.09407
2019-11-27,0.2471578947368421
2019-11-28,0.10688541666666666
2019-11-29,0.06230943396226415
2019-11-30,0.07159285714285714
2019-12-01,0.18926521739130434
2019-12-02,0.122425
2019-12-03,0.06656382978723403
2019-12-04,0.056430303030303025
2019-12-05,0.004461344537815124
2019-12-06,0.05633272727272727
2019-12-07,0.0627315789473684
2019-12-08,0.006199999999999994
2019-12-09,0.09556052631578948
2019-12-10,0.058417021276595746
2019-12-11,0.14401296296296295
2019-12-12,0.08294782608695651
2019-12-13,0.09394897959183675
2019-12-14,-0.016006666666666666
2019-12-15,-0.0634625
2019-12-16,0.10218909090909091
2019-12-17,0.112282
2019-12-18,0.14749268292682927
2019-12-19,0.08885454545454546
2019-12-20,0.07720243902439025
2019-12-21,0.11234374999999999
2019-12-22,0.12343076923076923
2019-12-23,0.16154615384615384
2019-12-24,0.036865909090909095
2019-12-25,-0.38292499999999996
2019-12-26,0.13556511627906975
2019-12-27,0.004099999999999983
2019-12-28,-0.01772499999999999
2019-12-29,0.22593333333333332
2019-12-30,0.01435000000000001
2019-12-31,0.2077375
2020-01-01,0.10434883720930233
2020-01-02,0.06508421052631579
2020-01-03,0.218409375
2020-01-04,-0.057995
2020-01-05,0.048690909090909076
2020-01-06,-0.08253673469387755
2020-01-07,0.0896390243902439
2020-01-08,-0.09228837209302326
2020-01-09,0.12691627906976743
2020-01-10,0.11807021276595744
2020-01-11,0.034339999999999996
2020-01-12,-0.11741666666666666
2020-01-13,0.175528813559322
2020-01-14,0.0778825
2020-01-15,-0.011256818181818186
2020-01-16,0.11032444444444445
2020-01-17,0.1275304347826087
2020-01-18,0.1413375
2020-01-19,0.12044999999999999
2020-01-20,0.08005714285714285
2020-01-21,0.07164468085106382
2020-01-22,0.06144081632653062
2020-01-23,0.22030625
2020-01-24,0.159414
2020-01-25,0.1664736842105263
2020-01-26,-0.06443076923076924
2020-01-27,0.08217169811320756
2020-01-28,0.016573809523809525
2020-01-29,0.21604
2020-01-30,0.13174310344827586
2020-01-31,0.20541153846153845
2020-02-01,0.06582886597938145
2020-02-02,0.06040666666666667
2020-02-03,0.009623529411764704
2020-02-04,0.06150597014925373
2020-02-05,0.18989787234042554
2020-02-06,0.20495619834710746
2020-02-07,0.077
2020-02-08,0.18862
2020-02-09,0.33739
2020-02-10,0.025760377358490568
2020-02-11,0.18611632653061225
2020-02-12,0.07256599999999999
2020-02-13,0.11637636363636364
2020-02-14,0.10293124999999999
2020-02-15,0.050821739130434786
2020-02-16,-0.05742727272727273
2020-02-17,0.09167619047619048
2020-02-18,0.161025
2020-02-19,0.21277105263157894
2020-02-20,0.022673333333333334
2020-02-21,0.09080666666666666
2020-02-22,-0.10149090909090909
2020-02-23,0.1548923076923077
2020-02-24,0.030556603773584906
2020-02-25,0.11447096774193548
2020-02-26,0.033140625
2020-02-27,0.09909433962264151
2020-02-28,-0.09483684210526316
2020-02-29,0.16640000000000002
2020-03-01,0.042853333333333334
2020-03-02,0.04828979591836735
2020-03-03,0.09719387755102041
2020-03-04,0.01016184210526316
2020-03-05,0.16955757575757574
2020-03-06,0.10703658536585367
2020-03-07,0.12117826086956522
2020-03-08,-0.035491666666666664
2020-03-09,-0.045486458333333334
2020-03-10,-0.18032857142857142
2020-03-11,0.05468833333333333
2020-03-12,-0.03973617021276596
2020-03-13,0.01883809523809524
2020-03-14,-0.0648888888888889
2020-03-15,-0.20489285714285715
2020-03-16,-0.017197391304347828
2020-03-17,0.009729032258064521
2020-03-18,0.017562820512820508
2020-03-19,-0.04973544303797468
2020-03-20,-0.029904255319148934
2020-03-21,-0.12921470588235295
2020-03-22,-0.050780000000000006
2020-03-23,-0.06642133333333333
2020-03-24,0.014392473118279563
2020-03-25,0.048784158415841584
2020-03-26,0.09151011235955055
2020-03-27,0.06453138686131386
2020-03-28,-0.05381875
2020-03-29,-0.0565969696969697
2020-03-30,-0.02738453608247423
2020-03-31,0.03383666666666667
2020-04-01,-0.06799666666666666
2020-04-02,-0.05725064935064936
2020-04-03,-0.028448809523809522
2020-04-04,0.014691666666666667
2020-04-05,-0.026448936170212767
2020-04-06,-0.03205294117647059
2020-04-07,0.013837499999999997
2020-04-08,0.098
2020-04-09,0.016454807692307692
2020-04-10,-0.06193888888888889
2020-04-11,0.03305199999999999
2020-04-12,-0.101224
2020-04-13,0.017103076923076922
2020-04-14,0.008773863636363637
2020-04-15,0.024229166666666666
2020-04-16,0.06452073170731706
2020-04-17,0.0866895061728395
2020-04-18,-0.06372978723404256
2020-04-19,0.0916076923076923
2020-04-20,0.10913831775700934
2020-04-21,-0.12802025316455695
2020-04-22,0.001598863636363637
2020-04-23,0.10505813953488373
2020-04-24,0.03202980769230769
2020-04-25,-0.03579019607843137
2020-04-26,-0.027816666666666667
2020-04-27,0.13190337078651684
2020-04-28,0.06413402061855669
2020-04-29,0.07598876404494381
2020-04-30,0.11528879310344828
2020-05-01,-0.002651470588235293
2020-05-02,-0.004407894736842111
2020-05-03,0.03791219512195122
2020-05-04,0.023132407407407404
2020-05-05,0.006897590361445778
2020-05-06,0.024162295081967208
2020-05-07,-0.024956578947368423
2020-05-08,0.06079220779220779
2020-05-09,-0.0694974358974359
2020-05-10,-0.07147333333333333
2020-05-11,0.053785185185185186
2020-05-12,0.01031304347826087
2020-05-13,0.06284056603773586
2020-05-14,0.08068571428571429
2020-05-15,0.022659259259259264
2020-05-16,0.09897428571428572
2020-05-17,-0.047779487179487184
2020-05-18,0.034202173913043483
2020-05-19,0.039550602409638556
2020-05-20,0.055654999999999996
2020-05-21,0.07492459016393443
2020-05-22,-0.058060150375939854
2020-05-23,-0.13939487179487178
2020-05-24,-0.025088235294117644
2020-05-25,0.08762857142857142
2020-05-26,0.06137454545454546
2020-05-27,-0.02136022727272728
2020-05-28,0.07814393939393939
2020-05-29,0.06429642857142857
2020-05-30,0.024411904761904763
2020-05-31,0.11131111111111111
2020-06-01,0.08982608695652175
2020-06-02,0.05321714285714286
2020-06-03,-0.01694
2020-06-04,0.026025714285714287
2020-06-05,0.06830694444444445
2020-06-06,-0.06368333333333334
2020-06-07,-0.003917647058823533
2020-06-08,0.027582258064516127
2020-06-09,0.01933421052631579
2020-06-10,-0.022860000000000005
2020-06-11,0.01937428571428572
2020-06-12,0.09841186440677967
2020-06-13,-0.08227619047619049
2020-06-14,-0.009200000000000002
2020-06-15,0.00478360655737705
2020-06-16,-0.023455223880597013
2020-06-17,0.1299326923076923
2020-06-18,0.02518108108108108
2020-06-19,0.07302280701754386
2020-06-20,0.17602777777777778
2020-06-21,-0.17593870967741934
2020-06-22,-0.02656507936507936
2020-06-23,0.10924
2020-06-24,0.0834470588235294
2020-06-25,-0.05218703703703704
2020-06-26,0.039638983050847454
2020-06-27,0.0123576923076923
2020-06-28,-0.046076
2020-06-29,0.011203030303030303
2020-06-30,0.0772657894736842
2020-07-01,0.09516428571428572
2020-07-02,0.14381702127659574
2020-07-03,0.084932
2020-07-04,-0.10560555555555556
2020-07-05,-0.019346666666666668
2020-07-06,0.1440655737704918
2020-07-07,0.1275234375
2020-07-08,0.18172121212121212
2020-07-09,0.10440547945205479
2020-07-10,0.04875762711864407
2020-07-11,0.05346842105263158
2020-07-12,0.020643750000000002
2020-07-13,0.12589864864864864
2020-07-14,0.02061975308641975
2020-07-15,0.09168285714285714
2020-07-16,0.16589459459459457
2020-07-17,0.04500526315789473
2020-07-18,0.108736
2020-07-19,0.03372499999999999
2020-07-20,0.14438076923076923
2020-07-21,0.1768805970149254
2020-07-22,0.11897934782608695
2020-07-23,0.13042
2020-07-24,-0.037196774193548394
2020-07-25,-0.027922580645161295
2020-07-26,0.05499230769230769
2020-07-27,0.10380307692307693
2020-07-28,0.09998144329896907
2020-07-29,0.048653968253968255
2020-07-30,0.106384375
2020-07-31,0.08564418604651163
2020-08-01,0.14649565217391305
2020-08-02,0.04422352941176471
2020-08-03,0.10856333333333333
2020-08-04,0.1583712121212121
2020-08-05,0.010108823529411766
2020-08-06,0.06379615384615385
2020-08-07,0.10207164179104478
2020-08-08,0.021942857142857142
2020-08-09,-0.027795454545454536
2020-08-10,0.2252551020408163
2020-08-11,0.028734848484848485
2020-08-12,0.03572692307692308
2020-08-13,0.07261296296296296
2020-08-14,0.027286813186813186
2020-08-15,0.09736153846153847
2020-08-16,-0.11310500000000001
2020-08-17,0.08997121212121212
2020-08-18,0.16197169811320755
2020-08-19,0.11062499999999999
2020-08-20,0.08155671641791046
2020-08-21,0.09485
2020-08-22,0.01587647058823529
2020-08-23,0.06882222222222222
2020-08-24,0.1428904761904762
2020-08-25,0.032004705882352935
2020-08-26,0.08335138888888888
2020-08-27,0.08365875
2020-08-28,0.12450862068965517
2020-08-29,0.05249999999999999
2020-08-30,0.04323333333333333
2020-08-31,0.022792592592592587
2020-09-01,0.12427627118644068
2020-09-02,0.12157377049180329
2020-09-03,0.01901785714285714
2020-09-04,0.10841071428571428
2020-09-05,0.019248387096774202
2020-09-06,0.09275483870967742
2020-09-07,0.11722405063291139
2020-09-08,0.014631250000000004
2020-09-09,0.08136617647058823
2020-09-10,0.08904230769230768
2020-09-11,0.1423375
2020-09-12,0.05407368421052631
2020-09-13,0.10975217391304348
2020-09-14,0.08629565217391304
2020-09-15,0.17057638888888887
2020-09-16,0.05680491803278688
2020-09-17,0.1646433962264151
2020-09-18,0.06891232876712329
2020-09-19,0.12317142857142857
2020-09-20,0.046547368421052636
2020-09-21,0.05327066666666667
2020-09-22,0.05080864197530864
2020-09-23,0.0596514705882353
2020-09-24,-0.024851612903225812
2020-09-25,0.1529236842105263
2020-09-26,0.14083333333333334
2020-09-27,0.02393666666666667
2020-09-28,0.15802264150943396
2020-09-29,0.14154
2020-09-30,0.09367368421052631
2020-10-01,0.12162258064516128
2020-10-02,0.23014285714285715
2020-10-03,0.10642857142857143
2020-10-04,0.05005172413793103
2020-10-05,0.0838275
2020-10-06,0.17527708333333333
2020-10-07,0.15532131147540984
2020-10-08,0.08461475409836065
2020-10-09,0.1254
2020-10-10,0.10388695652173911
2020-10-11,0.006889999999999996
2020-10-12,0.1683285714285714
2020-10-13,0.10690980392156862
2020-10-14,0.07454150943396225
2020-10-15,0.022979166666666665
2020-10-16,0.1248
2020-10-17,0.13992142857142856
2020-10-18,0.08947727272727271
2020-10-19,0.1445909090909091
2020-10-21,0.03942820512820513
2020-10-22,0.1997032258064516
2020-10-23,0.15830714285714284
2020-10-24,0.37146666666666667
2020-10-25,0.07695238095238095
2020-10-26,0.17946060606060607
2020-10-27,0.22558787878787878
2020-10-28,0.02604285714285714
2020-10-29,0.03598913043478261
2020-10-30,0.10910714285714286
2020-10-31,0.2003
2020-11-01,0.062138095238095235
2020-11-02,0.1450861111111111
2020-11-03,0.08991818181818181
2020-11-04,0.07925806451612903
2020-11-05,0.14751555555555557
2020-11-06,0.09293846153846154
2020-11-07,0.020324999999999996
2020-11-08,0.169895
2020-11-09,0.20968541666666665
2020-11-10,0.1857346153846154
2020-11-11,0.14074137931034483
2020-11-12,0.032494117647058826
2020-11-13,0.19564
2020-11-14,-0.0021571428571428575
2020-11-15,0.008577777777777778
2020-11-16,0.11187037037037038
2020-11-17,0.016300000000000002
2020-11-18,0.10527826086956521
2020-11-19,0.067
2020-11-20,0.10093636363636363
2020-11-21,0.019882608695652174
2020-11-22,0.046049999999999994
2020-11-23,0.25796875
2020-11-24,0.08634857142857143
2020-11-25,0.15247368421052632
2020-11-26,0.10513499999999999
2020-11-27,0.09622894736842105
2020-11-28,0.04995185185185185
2020-11-29,0.1452608695652174
2020-11-30,0.05321777777777778
2020-12-01,0.091253125
2020-12-02,0.061040425531914896
2020-12-03,0.1772467741935484
2020-12-04,0.1478271186440678
2020-12-05,0.11737692307692306
2020-12-06,0.08966756756756757
2020-12-07,0.23308181818181817
2020-12-08,0.088795
2020-12-09,0.19461147540983606
2020-12-10,0.10323384615384616
2020-12-11,0.13496046511627907
2020-12-12,0.16192142857142858
2020-12-13,-0.15039411764705884
2020-12-14,0.07505833333333334
2020-12-15,0.11582539682539682
2020-12-16,0.11042898550724638
2020-12-17,0.1259372881355932
2020-12-18,0.11884307692307693
2020-12-19,0.17347272727272725
2020-12-20,0.067140625
2020-12-21,0.09314925373134329
2020-12-22,0.06749000000000001
2020-12-23,0.1518891304347826
2020-12-24,0.12878035714285715
2020-12-25,0.04700357142857143
2020-12-26,-0.050381249999999995
2020-12-27,-0.016665
2020-12-28,0.08325909090909091
2020-12-29,0.18464761904761903
2020-12-30,0.07398999999999999
2020-12-31,0.2040804347826087
2021-01-01,0.15823823529411762
2021-01-02,-0.12000769230769232
2021-01-03,-0.041410526315789474
2021-01-04,0.12823191489361702
2021-01-05,0.13362558139534883
2021-01-06,0.07898163265306123
2021-01-07,0.04433023255813954
2021-01-08,0.13660408163265306
2021-01-09,0.012119999999999995
2021-01-10,0.08711
2021-01-11,0.08524
2021-01-12,0.11364411764705883
2021-01-13,0.12111599999999999
2021-01-14,0.06222181818181817
2021-01-15,0.13134468085106382
2021-01-16,0.06649999999999999
2021-01-17,0.05558666666666667
2021-01-18,0.04068
2021-01-19,0.11840655737704917
2021-01-20,0.09807843137254901
2021-01-21,0.16864500000000002
2021-01-22,0.1630135593220339
2021-01-23,0.1183125
2021-01-24,0.0337
2021-01-25,0.13150363636363638
2021-01-26,-0.007337500000000001
2021-01-27,0.10646388888888889
2021-01-28,0.14446515151515152
2021-01-29,0.1507763157894737
2021-01-30,0.05151724137931035
2021-01-31,0.1145875
2021-02-01,0.1174943661971831
2021-02-02,0.07853962264150945
2021-02-03,0.216706
2021-02-04,0.23044038461538463
2021-02-05,0.21787848101265822
2021-02-06,0.06107241379310344
2021-02-07,0.15685652173913042
2021-02-08,0.18032765957446809
2021-02-09,0.1621074074074074
2021-02-10,0.1774642857142857
2021-02-11,0.11685714285714287
2021-02-12,0.13468358208955222
2021-02-13,0.0792058823529412
2021-02-14,0.056027777777777774
2021-02-15,0.07470555555555555
2021-02-16,0.080785
2021-02-17,0.10998048780487804
2021-02-18,0.027808928571428575
2021-02-19,0.053015789473684204
2021-02-20,-0.003091666666666673
2021-02-21,-0.04717647058823529
2021-02-22,0.08026981132075471
2021-02-23,0.07533461538461537
2021-02-24,0.15630697674418606
2021-02-25,0.14626829268292682
2021-02-26,-0.05320350877192983
2021-02-27,0.07994117647058824
2021-02-28,0.06606000000000001
2021-03-01,0.10073225806451613
2021-03-02,0.165275
2021-03-03,0.12637857142857142
2021-03-04,0.0692
2021-03-05,0.10948695652173912
2021-03-06,0.1490111111111111
2021-03-07,0.70935
2021-03-08,0.06963043478260869
2021-03-09,0.00156666666666667
2021-03-10,0.10175909090909091
2021-03-11,0.07830000000000001
2021-03-12,0.027681481481481484
2021-03-13,0.0999090909090909
2021-03-14,-0.0741
2021-03-15,0.024048936170212764
2021-03-16,0.11783157894736841
2021-03-17,0.012847999999999995
2021-03-18,0.05987837837837838
2021-03-19,0.014504761904761906
2021-03-20,0.06418333333333333
2021-03-21,0.07924545454545456
2021-03-22,0.005033333333333334
2021-03-23,0.0764
2021-03-24,0.08509666666666665
2021-03-25,0.02449512195121951
2021-03-26,-0.023215999999999997
2021-03-27,0.1068153846153846
2021-03-28,-0.014438888888888883
2021-03-29,-0.00712666666666667
2021-03-30,0.05497272727272728
2021-03-31,0.1082709677419355
2021-04-01,0.06514615384615384
2021-04-02,0.11055882352941178
2021-04-03,-0.054869999999999995
2021-04-04,0.033995000000000004
2021-04-05,-0.043863265306122445
2021-04-06,0.0032000000000000067
2021-04-07,0.05916388888888888
2021-04-08,0.0617
2021-04-09,-0.004075999999999998
2021-04-10,0.05393333333333334
2021-04-11,-0.07655
2021-04-12,0.011966666666666681
2021-04-13,0.14657931034482757
2021-04-14,-0.09745000000000001
2021-04-15,-0.051271052631578946
2022-01-01,0.052352941176470595
2022-01-02,-0.030488571428571427
2022-01-03,0.07321190476190476
2022-01-04,0.1060991150442478
2022-01-05,0.08026781609195402
2022-01-06,0.0924453781512605
2022-01-07,0.0527530612244898
2022-01-08,0.01337758620689655
2022-01-09,0.03870192307692308
2022-01-10,0.054954166666666665
2022-01-11,0.0746
2022-01-12,0.10316161616161615
2022-01-13,0.10010000000000001
2022-01-14,0.0982537634408602
2022-01-15,0.003611764705882355
2022-01-16,0.08165
2022-01-17,0.060358
2022-01-18,0.04788181818181818
2022-01-19,0.009666346153846154
2022-01-20,0.1379983193277311
2022-01-21,0.16617570093457942
2022-01-22,0.13683888888888887
2022-01-23,0.03432941176470588
2022-01-24,0.0923063829787234
2022-01-25,0.0712858407079646
2022-01-26,0.049144444444444435
2022-01-27,0.1177421568627451
2022-01-28,0.1328946153846154
2022-01-29,0.1262921568627451
2022-02-01,0.07612959183673469
2022-02-02,0.15679739130434783
2022-02-03,0.2142552380952381
2022-02-04,0.152725
2022-02-05,0.08888837209302326
2022-02-06,0.10471428571428572
2022-02-07,0.13533636363636364
2022-02-08,0.06355531914893617
2022-02-09,0.15018571428571428
2022-02-10,0.15745294117647057
2022-02-11,0.08466632653061225
2022-02-12,0.07641153846153846
2022-02-13,-0.007120000000000002
2022-02-14,0.03298522727272728
2022-02-15,0.053449382716049376
2022-02-16,0.03601139240506329
2022-02-17,0.12071891891891891
2022-02-18,0.11058117647058824
2022-02-19,0.08622083333333334
2022-02-20,0.06784375000000001
2022-02-21,0.10563972602739727
2022-02-22,-0.02243220338983051
2022-02-23,0.10104603174603174
2022-02-24,-0.0981842105263158
2022-02-25,-0.08235624999999999
2022-02-26,-0.10804444444444444
2022-03-01,-0.11412727272727273
2022-03-02,-0.08798461538461538
2022-03-03,0.000945121951219513
2022-03-04,-0.05670375
2022-03-05,-0.13243333333333332
2022-03-06,-0.1339423076923077
2022-03-07,0.02327164179104477
2022-03-08,-0.09779230769230769
2022-03-09,-0.023343902439024393
2022-03-10,-0.013429166666666667
2022-03-11,0.0222516129032258
2022-03-12,-0.023062068965517237
2022-03-13,-0.02643076923076924
2022-03-14,-0.013149367088607592
2022-03-15,-0.010712790697674422
2022-03-16,-0.06900641025641024
2022-03-17,-0.056350000000000004
2022-03-18,-0.04795
2022-03-19,-0.14914117647058825
2022-03-20,-0.08940416666666667
2022-03-21,0.08589420289855072
2022-03-22,0.05171194029850746
2022-03-23,0.040376315789473684
2022-03-24,0.027860000000000003
2022-03-25,0.01159746835443038
2022-03-26,0.027719444444444446
2022-03-27,-0.10131470588235295
2022-03-28,0.06128533333333333
2022-03-29,-0.002160439560439561
2022-04-01,0.06282222222222222
2022-04-02,-0.012080645161290317
2022-04-03,0.03452499999999999
2022-04-04,0.08656818181818181
2022-04-05,0.06567977528089888
2022-04-06,0.08619382716049383
2022-04-07,0.03912051282051282
2022-04-08,0.09633469387755102
2022-04-09,-0.027023333333333344
2022-04-10,-0.143145
2022-04-11,0.0391625
2022-04-12,0.07697876106194691
2022-04-13,0.12067052631578946
2022-04-14,0.05112419354838709
2022-04-15,0.1286978260869565
2022-04-16,-0.04827105263157895
2022-04-17,0.006499999999999999
2022-04-18,0.02383037974683544
2022-04-19,0.05871075268817205
2022-04-20,0.09057777777777778
2022-04-21,0.07831415094339622
2022-04-22,0.12646831683168316
2022-04-23,0.0061923076923076975
2022-04-24,0.014267567567567568
2022-04-25,0.0135093023255814
2022-04-26,0.027971739130434787
2022-04-27,0.12054505494505495
2022-04-28,0.018322549019607847
2022-05-01,0.17253666666666667
2022-05-02,0.12740227272727273
2022-05-03,0.04526031746031746
2022-05-04,0.11793775510204081
2022-05-05,0.06902772277227723
2022-05-06,0.0922550561797753
2022-05-07,-0.009122857142857143
2022-05-08,-0.0007133333333333325
2022-05-09,0.12404358974358974
2022-05-10,0.06655714285714286
2022-05-11,0.1057254716981132
2022-05-12,0.06592660550458715
2022-05-13,0.0970325581395349
2022-05-14,-0.07059024390243902
2022-05-15,0.09323333333333332
2022-05-16,0.07449506172839507
2022-05-17,0.06205918367346939
2022-05-18,0.0151675
2022-05-19,0.08893870967741936
2022-05-20,0.10311999999999999
2022-05-21,-0.006361111111111119
2022-05-22,0.0977655172413793
2022-05-23,-0.03642098765432099
2022-05-24,0.07430963855421686
2022-05-25,0.10260673076923078
2022-05-26,0.10906506024096387
2022-05-27,0.12237157894736841
2022-05-28,0.05738000000000001
2022-05-29,0.17599333333333333
2022-06-01,0.05081315789473684
2022-06-02,0.11069
2022-06-03,0.12012409638554217
2022-06-04,0.005904761904761897
2022-06-05,0.046259259259259264
2022-06-06,0.010655999999999999
2022-06-07,0.0613
2022-06-08,0.05410098039215686
2022-06-09,0.083809375
2022-06-10,0.061399999999999996
2022-06-11,0.03327307692307692
2022-06-12,-0.07151428571428571
2022-06-13,0.0229
2022-06-14,0.04647586206896552
2022-06-15,0.07187638888888888
2022-06-16,0.12862282608695652
2022-06-17,0.13197254901960784
2022-06-18,-0.0023333333333333353
2022-06-19,0.016841666666666665
2022-06-20,0.049141176470588244
2022-06-21,0.08474050632911392
2022-06-22,0.07995568181818181
2022-06-23,0.07316714285714286
2022-06-24,0.046260256410256405
2022-06-25,0.007322580645161285
2022-06-26,-0.024484210526315785
2022-06-27,0.15443571428571432
2022-06-28,0.07593823529411765
2022-07-01,0.06998764044943821
2022-07-02,0.013304545454545453
2022-07-03,-0.06662962962962962
2022-07-04,0.053816666666666665
2022-07-05,0.1446329268292683
2022-07-06,0.10944404761904762
2022-07-07,0.07685657894736843
2022-07-08,0.12049620253164557
2022-07-09,0.08047777777777777
2022-07-10,0.09249130434782608
2022-07-11,0.04248533333333334
2022-07-12,0.0678842105263158
2022-07-13,0.10304574468085105
2022-07-14,0.15008307692307693
2022-07-15,0.10429367088607595
2022-07-16,0.05659666666666666
2022-07-17,0.09698214285714286
2022-07-18,0.11438620689655171
2022-07-19,0.08459090909090909
2022-07-20,0.12517090909090908
2022-07-21,0.15333875
2022-07-22,0.2455264367816092
2022-07-23,0.09737241379310346
2022-07-24,0.11593333333333333
2022-07-25,0.15422183908045978
2022-07-26,0.1265663157894737
2022-07-27,0.12408125
2022-07-28,0.17848990825688074
2022-07-29,0.13224485981308412
2022-08-01,0.1782270588235294
2022-08-02,0.1234108695652174
2022-08-03,0.14067241379310344
2022-08-04,0.09641279069767443
2022-08-05,0.1143420634920635
2022-08-06,0.08798
2022-08-07,0.1453
2022-08-08,0.1414987951807229
2022-08-09,0.035118333333333335
2022-08-10,0.164692
2022-08-11,0.11974520547945204
2022-08-12,0.15983333333333333
2022-08-13,0.14331000000000002
2022-08-14,0.10714285714285714
2022-08-15,0.10642058823529411
2022-08-16,0.1937853333333333
2022-08-17,0.11072571428571429
2022-08-18,0.12577246376811593
2022-08-19,0.14511142857142856
2022-08-20,0.03316190476190476
2022-08-21,-0.08305757575757576
2022-08-22,0.12943529411764704
2022-08-23,0.07735735294117647
2022-08-24,0.06656
2022-08-25,0.06139870129870129
2022-08-26,0.07264923076923077
2022-08-27,0.13558148148148147
2022-08-28,0.05762068965517241
2022-08-29,0.0031578313253012103
2022-09-01,0.0559
2022-09-02,0.10079466666666666
2022-09-03,0.05480344827586206
2022-09-04,0.013177272727272727
2022-09-05,0.021118181818181817
2022-09-06,0.042445333333333335
2022-09-07,0.03999166666666667
2022-09-08,0.0754234375
2022-09-09,0.10004202898550725
2022-09-10,0.09525185185185185
2022-09-11,-0.019203999999999995
2022-09-12,0.12487108433734939
2022-09-13,0.1213719512195122
2022-09-14,0.06605952380952382
2022-09-15,0.039614666666666666
2022-09-16,0.1090774647887324
2022-09-17,0.059655555555555545
2022-09-18,0.09759259259259258
2022-09-19,0.18680540540540538
2022-09-20,0.13475189873417723
2022-09-21,0.12954933333333335
2022-09-22,0.05281086956521739
2022-09-23,0.006639534883720931
2022-09-24,0.0848967741935484
2022-09-25,0.211003125
2022-09-26,0.03370666666666666
2022-09-27,0.03338356164383562
2022-09-28,0.13473134328358208
2022-10-01,0.135175
2022-10-02,0.03534583333333333
2022-10-03,0.11870348837209303
2022-10-04,0.15591311475409836
2022-10-05,0.041436111111111104
2022-10-06,0.13355205479452054
2022-10-07,0.11983333333333333
2022-10-08,0.014625806451612908
2022-10-09,0.009141935483870966
2022-10-10,0.1049840425531915
2022-10-11,0.101959
2022-10-12,0.08417659574468085
2022-10-13,0.11462234042553192
2022-10-14,0.18634505494505493
2022-10-15,0.08819
2022-10-16,0.030414285714285713
2022-10-17,0.10934246575342466
2022-10-18,0.06043956043956044
2022-10-19,0.19092542372881355
2022-10-20,0.13775
2022-10-21,0.16175192307692307
2022-10-22,0.20303333333333334
2022-10-23,0.16675172413793102
2022-10-24,0.25300416666666664
2022-10-25,0.15698545454545454
2022-10-26,0.05143947368421052
2022-10-27,0.151813698630137
2022-10-28,0.12488080808080809
2022-10-29,-0.08614444444444444
2022-11-01,0.10212727272727273
2022-11-02,0.15963218390804598
2022-11-03,0.08758775510204082
2022-11-04,0.18107894736842106
2022-11-05,0.0832625
2022-11-06,0.106128
2022-11-07,0.19567319587628865
2022-11-08,0.10514848484848485
2022-11-09,0.16648928571428573
2022-11-10,0.07692222222222223
2022-11-11,0.14244077669902913
2022-11-12,0.15004375
2022-11-13,0.13877307692307694
2022-11-14,0.1358818181818182
2022-11-15,0.1575054945054945
2022-11-16,0.07106144578313252
2022-11-17,0.08909285714285715
2022-11-18,0.15849047619047618
2022-11-19,0.045961538461538456
2022-11-20,0.017466666666666655
2022-11-21,0.09787586206896552
2022-11-22,0.13111311475409837
2022-11-23,0.10588688524590165
2022-11-24,0.12007971014492755
2022-11-25,0.1121231884057971
2022-11-26,-0.030064285714285717
2022-11-27,0.17146923076923076
2022-11-28,0.13269999999999998
2022-12-01,0.09106666666666667
2022-12-02,0.11960491803278687
2022-12-03,0.04095652173913043
2022-12-04,0.06759642857142857
2022-12-05,0.10685342465753425
2022-12-06,0.11716666666666668
2022-12-07,0.06148202247191012
2022-12-08,0.13656666666666667
2022-12-09,0.15463768115942028
2022-12-10,0.04774
2022-12-11,0.0025071428571428666
2022-12-12,0.08577831325301205
2022-12-13,0.118720987654321
2022-12-14,0.13645555555555555
2022-12-15,0.15982533333333335
2022-12-16,-0.04900714285714285
2022-12-17,-0.0738
2022-12-18,0.03934857142857142
2022-12-19,0.08967878787878787
2022-12-20,0.09429175257731959
2022-12-21,0.0993949494949495
2022-12-22,0.06943240740740741
2022-12-23,0.08358125
2022-12-24,0.045172972972972965
2022-12-25,0.09060540540540542
2022-12-26,0.032898701298701295
2022-12-27,0.13468552631578948
2022-12-28,0.12357971014492752
2022-12-29,0.04228148148148148
2023-01-01,0.0636448275862069
2023-01-02,0.16003389830508474
2023-01-03,0.18008481012658226
2023-01-04,0.05365833333333333
2023-01-05,0.09022297297297296
2023-01-06,-0.002575362318840581
2023-01-07,0.019388
2023-01-08,0.22047272727272726
2023-01-09,0.03658051948051948
2023-01-10,0.11883411764705881
2023-01-11,0.1213891891891892
2023-01-12,0.11574907407407407
2023-01-13,0.1092357894736842
2023-01-14,0.09707352941176471
2023-01-15,0.21373124999999998
2023-01-16,0.09475492957746479
2023-01-17,0.11266373626373626
2023-01-18,0.070683908045977
2023-01-19,0.15669607843137257
2023-01-20,0.2137063829787234
2023-01-21,0.18846071428571426
2023-01-22,0.02980952380952381
2023-01-23,0.18611666666666665
2023-01-24,0.13591666666666666
2023-01-25,0.10263291139240507
2023-01-26,0.06156296296296296
2023-01-27,0.08835479452054794
2023-01-28,0.0583551724137931
2023-01-29,0.11351935483870967
2023-02-01,0.13764621848739494
2023-02-02,0.1314158878504673
2023-02-03,0.19467674418604652
2023-02-04,0.030173529411764707
2023-02-05,0.16018095238095237
2023-02-06,0.14374183673469387
2023-02-07,0.04243434343434343
2023-02-08,0.09253492063492064
2023-02-09,0.09932380952380952
2023-02-10,0.09980744680851064
2023-02-11,0.10634285714285714
2023-02-12,-0.012474999999999997
2023-02-13,0.11323333333333334
2023-02-14,0.11138888888888888
2023-02-15,0.13742068965517243
2023-02-16,0.12790227272727273
2023-02-17,0.10809240506329115
2023-02-18,0.010340909090909095
2023-02-19,0.10743333333333334
2023-02-20,0.11214534883720931
2023-02-21,0.03964794520547945
2023-02-22,0.05324769230769231
2023-02-23,0.13175
2023-02-24,0.016743589743589745
2023-02-25,-0.1668058823529412
2023-02-26,0.08525238095238095
2023-03-01,0.13217073170731705
2023-03-02,0.11315128205128204
2023-03-03,0.052267692307692314
2023-03-04,0.036515789473684224
2023-03-05,0.11959444444444446
2023-03-06,0.12524939759036144
2023-03-07,0.1863344827586207
2023-03-08,0.08182631578947368
2023-03-09,0.11084492753623189
2023-03-10,0.1419529411764706
2023-03-11,0.014116666666666663
2023-03-12,0.128268
2023-03-13,0.056862903225806456
2023-03-14,0.14351666666666668
2023-03-15,0.06538507462686567
2023-03-16,0.074312987012987
2023-03-17,0.08468928571428572
2023-03-18,0.0030583333333333296
2023-03-19,0.10750967741935483
2023-03-20,0.04615555555555555
2023-03-21,0.0011209677419354803
2023-03-22,0.009435064935064932
2023-03-23,0.04737090909090909
2023-03-24,0.08286266666666667
2023-03-25,0.0713
2023-03-26,-0.03735
2023-03-27,0.1296378787878788
2023-03-28,0.09224285714285714
2023-03-29,0.09219058823529412
2023-04-01,0.0837972972972973
2023-04-02,0.13295
2023-04-03,0.12297415730337077
2023-04-04,0.10420169491525423
2023-04-05,0.08943658536585367
2023-04-06,0.1106872549019608
2023-04-07,0.13691025641025642
2023-04-08,0.1295736842105263
2023-04-09,-0.00038888888888889337
2023-04-10,0.10313571428571429
2023-04-11,0.09139761904761905
2023-04-12,0.1464446153846154
2023-04-13,0.03480247933884298
2023-04-14,0.08922857142857142
2023-04-15,0.11942222222222222
2023-04-16,0.12000000000000001
2023-04-17,0.1097695652173913
2023-04-18,0.059201315789473685
2023-04-19,0.12798709677419354
2023-04-20,0.1372551282051282
2023-04-21,0.09738529411764707
2023-04-22,0.11196129032258065
2023-04-23,0.061825000000000005
2023-04-24,0.16286352941176468
2023-04-25,0.22104415584415582
2023-04-26,0.15482409638554218
2023-04-27,0.16231264367816092
2023-04-28,0.15323827160493828
2023-05-01,0.07649512195121952
2023-05-02,0.13725714285714286
2023-05-03,0.17211927710843372
2023-05-04,0.18173703703703706
2023-05-05,0.16657605633802816
2023-05-06,0.17370666666666665
2023-05-07,0.19499444444444444
2023-05-08,0.1979876923076923
2023-05-09,0.1590184210526316
2023-05-10,0.13883625
2023-05-11,0.12683368421052632
2023-05-12,0.16338625
2023-05-13,3.0769230769229514e-05
2023-05-14,0.109444
2023-05-15,0.13529264705882352
2023-05-16,0.08130281690140845
2023-05-17,0.14756029411764707
2023-05-18,0.2232493670886076
2023-05-19,0.1461201923076923
2023-05-20,0.05897575757575757
2023-05-21,0.04310952380952381
2023-05-22,0.06503170731707317
2023-05-23,0.1464831325301205
2023-05-24,0.10215569620253163
2023-05-25,0.14996774193548387
2023-05-26,0.04366764705882353
2023-05-27,0.03232666666666667
2023-05-28,0.06155555555555555
2023-05-29,0.14565
2023-06-01,0.14889634146341463
2023-06-02,0.1274532258064516
2023-06-03,0.14439545454545455
2023-06-04,0.12844375
2023-06-05,0.08509571428571427
2023-06-06,0.1283089552238806
2023-06-07,0.10265540540540541
2023-06-08,0.10199915966386555
2023-06-09,0.111872
2023-06-10,0.029941176470588235
2023-06-11,-0.01716538461538463
2023-06-12,0.15883396226415095
2023-06-13,0.0732887323943662
2023-06-14,0.13791621621621622
2023-06-15,0.07575454545454545
2023-06-16,0.07701891891891893
2023-06-17,0.11123200000000001
2023-06-18,0.050907142857142866
2023-06-19,0.13760535714285713
2023-06-20,0.07775352112676057
2023-06-21,0.12077916666666666
2023-06-22,0.05139466666666666
2023-06-23,0.10305714285714285
2023-06-24,0.025976470588235295
2023-06-25,0.015352631578947366
2023-06-26,0.0867448275862069
2023-06-27,0.12685643564356436
2023-06-28,0.10577078651685394
2023-07-01,0.05114736842105263
2023-07-02,0.1303736842105263
2023-07-03,0.12843076923076924
2023-07-04,0.1821090909090909
2023-07-05,0.08177282608695653
2023-07-06,0.05443902439024391
2023-07-07,0.09857662337662337
2023-07-08,0.09023999999999999
2023-07-09,0.11721153846153845
2023-07-10,0.15681486486486487
2023-07-11,0.13569176470588235
2023-07-12,0.07247906976744187
2023-07-13,0.12291935483870968
2023-07-14,0.10095
2023-07-15,0.12272222222222222
2023-07-16,0.11165
2023-07-17,0.07185875
2023-07-18,0.12357029702970297
2023-07-19,0.19595125
2023-07-20,0.2041698924731183
2023-07-21,0.13433189655172414
2023-07-22,0.1282375
2023-07-23,0.110552
2023-07-24,0.13109871794871794
2023-07-25,0.1646684210526316
2023-07-26,0.1487119266055046
2023-07-27,0.11133388429752065
2023-07-28,0.08146372549019608
2023-07-29,0.12608275862068966
2023-08-01,0.20256836734693878
2023-08-02,0.1291430107526882
2023-08-03,0.13673783783783783
2023-08-04,0.1502663157894737
2023-08-05,0.16139444444444445
2023-08-06,0.04170714285714285
2023-08-07,0.09524193548387097
2023-08-08,0.14356829268292684
2023-08-09,0.10894336283185842
2023-08-10,0.11733761467889908
2023-08-11,0.13856846846846846
2023-08-12,0.13825588235294117
2023-08-13,0.16441111111111112
2023-08-14,0.061613
2023-08-15,0.07409166666666667
2023-08-16,0.15156315789473682
2023-08-17,0.09903586956521739
2023-08-18,0.07197228915662651
2023-08-19,0.13635714285714287
2023-08-20,0.0995086956521739
2023-08-21,0.0847125
2023-08-22,0.0832575471698113
2023-08-23,0.06790833333333333
2023-08-24,0.05177471264367815
2023-08-25,0.07725232558139535
2023-08-26,0.08257352941176471
2023-08-27,0.03577333333333333
2023-08-28,0.12180306122448979
2023-08-29,0.10861294117647058
2023-09-01,0.09950759493670885
2023-09-02,0.1218896551724138
2023-09-03,0.14772333333333335
2023-09-04,0.14008533333333334
2023-09-05,0.18302527472527472
2023-09-06,0.10018064516129033
2023-09-07,0.10538311688311688
2023-09-08,0.11510941176470588
2023-09-09,-0.03008571428571429
2023-09-10,0.10560869565217393
2023-09-11,0.12661486486486487
2023-09-12,0.10583461538461539
2023-09-13,0.08611358024691358
2023-09-14,0.09309130434782607
2023-09-15,0.10382234042553191
2023-09-16,0.11611851851851851
2023-09-17,0.186355
2023-09-18,0.1235931506849315
2023-09-19,0.016451785714285714
2023-09-20,0.03666805555555555
2023-09-21,0.12719883720930233
2023-09-22,0.11567205882352942
2023-09-23,0.19763461538461538
2023-09-24,0.11993636363636363
2023-09-25,0.08617323943661971
2023-09-26,0.03659574468085106
2023-09-27,0.08376375
2023-09-28,0.10031625
2023-10-01,0.0486
2023-10-02,0.09869714285714284
2023-10-03,0.07245822784810126
2023-10-04,0.06658478260869564
2023-10-05,0.08095875
2023-10-06,0.1678285714285714
2023-10-07,0.048876666666666665
2023-10-08,-0.010172000000000007
2023-10-09,0.04233174603174603
2023-10-10,0.048756578947368415
2023-10-11,0.048065384615384614
2023-10-12,0.052568965517241384
2023-10-13,0.10976263736263736
2023-10-14,0.10991515151515151
2023-10-15,-0.22392083333333335
2023-10-16,0.1001065934065934
2023-10-17,0.13233625
2023-10-18,0.1465388349514563
2023-10-19,0.14445714285714287
2023-10-20,0.12686422018348625
2023-10-21,0.12032812500000001
2023-10-22,-0.029782142857142865
2023-10-23,0.07191764705882353
2023-10-24,0.06991666666666665
2023-10-25,0.12882470588235295
2023-10-26,0.19137956989247312
2023-10-27,0.1795875
2023-10-28,0.009006249999999999
2023-10-29,-0.018676190476190485
2023-11-01,0.14204455445544556
2023-11-02,0.12485636363636363
2023-11-03,0.15503375
2023-11-04,-0.02238372093023256
2023-11-05,0.017077777777777775
2023-11-06,0.14448367346938776
2023-11-07,0.14657654320987654
2023-11-08,0.07474189189189188
2023-11-09,0.1379608695652174
2023-11-10,0.20855846153846155
2023-11-11,0.1466
2023-11-12,-0.18378333333333333
2023-11-13,0.17721041666666668
2023-11-14,0.01624888888888889
2023-11-15,0.021616666666666663
2023-11-16,0.07969761904761904
2023-11-17,0.10588536585365854
2023-11-18,-0.007978571428571436
2023-11-19,0.17534666666666665
2023-11-20,0.14293846153846154
2023-11-21,0.017652173913043474
2023-11-22,0.10981428571428571
2023-11-23,0.07077605633802816
2023-11-24,0.15128414634146342
2023-11-25,0.06768620689655172
2023-11-26,0.1517388888888889
2023-11-27,0.04611702127659575
2023-11-28,0.08637808219178082
2023-12-01,0.13550125
2023-12-02,0.04761739130434781
2023-12-03,0.154825
2023-12-04,0.05157213114754099
2023-12-05,0.10448641975308642
2023-12-06,0.12444264705882352
2023-12-07,0.09735857142857143
2023-12-08,0.1745494623655914
2023-12-09,0.12104848484848484
2023-12-10,0.09392380952380952
2023-12-11,0.14413880597014925
2023-12-12,0.06691724137931034
2023-12-13,0.07758541666666667
2023-12-14,0.11962249999999999
2023-12-15,0.06542972972972973
2023-12-16,0.11119333333333332
2023-12-17,0.18727586206896552
2023-12-18,0.14696575342465754
2023-12-19,0.12195425531914893
2023-12-20,0.07064666666666666
2023-12-21,0.10988539325842696
2023-12-22,0.12279404761904762
2023-12-23,-0.027231034482758616
2023-12-24,0.2500117647058824
2023-12-25,0.10854705882352941
2023-12-26,0.016794117647058827
2023-12-27,0.1463513157894737
2023-12-28,0.07528024691358025
2023-12-29,0.07784861111111112
2024-01-01,0.029637931034482753
2024-01-02,0.08538048780487804
2024-01-03,0.09306091954022988
2024-01-04,0.07706874999999999
2024-01-05,0.12047662337662338
2024-01-06,-0.039024242424242434
2024-01-07,0.071064
2024-01-08,0.11282784810126584
2024-01-09,0.02777945205479452
2024-01-10,0.17785
2024-01-11,0.12564158415841584
2024-01-12,0.1251578947368421
2024-01-13,0.10389428571428572
2024-01-14,-0.1216391304347826
2024-01-15,0.12422124999999999
2024-01-16,0.08205
2024-01-17,0.05298048780487805
2024-01-18,0.05277428571428571
2024-01-19,0.15239484536082473
2024-01-20,0.13184303797468352
2024-01-21,0.19943461538461538
2024-01-22,0.179675
2024-01-23,0.14008924731182795
2024-01-24,0.20273457943925233
2024-01-25,0.13595000000000002
2024-01-26,0.022304761904761907
2024-01-27,0.17750526315789472
2024-01-28,0.13662222222222223
2024-01-29,0.05528660714285715
2024-02-01,0.08664296875
2024-02-02,0.18188504672897196
2024-02-03,0.05748095238095238
2024-02-04,0.09351724137931035
2024-02-05,0.08606547619047619
2024-02-06,0.1314078947368421
2024-02-07,0.21402680412371133
2024-02-08,0.0765111111111111
2024-02-09,0.08996195652173913
2024-02-10,0.1211793103448276
2024-02-11,0.2242392857142857
2024-02-12,0.12106103896103895
2024-02-13,0.12176164383561644
2024-02-14,0.06322530120481928
2024-02-15,0.12318153846153847
2024-02-16,0.07280769230769231
2024-02-17,0.05947058823529412
2024-02-18,0.13658888888888887
2024-02-19,0.147158
2024-02-20,0.058048051948051946
2024-02-21,0.04928266666666667
2024-02-22,0.0634406779661017
2024-02-23,0.11823999999999998
2024-02-24,0.004671428571428572
2024-02-25,0.11296153846153846
2024-02-26,0.06787721518987343
2024-02-27,0.015236708860759493
2024-03-01,0.08778552631578948
2024-03-02,0.0533375
2024-03-03,0.17223333333333335
2024-03-04,0.10111846153846155
2024-03-05,0.09216794871794871
2024-03-06,0.12887045454545454
2024-03-07,0.1285315789473684
2024-03-08,0.10011162790697675
2024-03-09,0.07199
2024-03-10,0.026658823529411763
2024-03-11,0.12960153846153846
2024-03-12,0.1235320987654321
2024-03-13,0.07867111111111111
2024-03-14,0.09082463768115942
2024-03-15,0.09757500000000001
2024-03-16,0.11882142857142856
2024-03-17,0.01313333333333333
2024-03-18,0.15420727272727275
2024-03-19,0.07495942028985507
2024-03-20,0.16448703703703704
2024-03-21,0.08090204081632653
2024-03-22,0.1132608695652174
2024-03-23,0.29424375
2024-03-24,0.04313
2024-03-25,0.07830999999999999
2024-03-26,0.11198250000000001
2024-03-27,0.08845797101449275
2024-03-28,0.12933448275862067
2024-03-29,0.04643823529411765
2024-04-01,0.07843428571428572
2024-04-02,0.10145714285714286
2024-04-03,0.058072413793103454
2024-04-04,0.06893802816901408
2024-04-05,0.10260227272727272
2024-04-06,0.14523684210526316
2024-04-07,0.07019411764705882
2024-04-08,0.026929729729729728
2024-04-09,0.152246875
2024-04-10,0.0993842105263158
2024-04-11,0.049015789473684214
2024-04-12,0.07829866666666667
2024-04-13,0.08865789473684212
2024-04-14,-0.12936666666666666
2024-04-15,0.031540845070422534
2024-04-16,0.11491298701298701
2024-04-17,-0.03312926829268294
2024-04-18,0.07975731707317073
2024-04-19,0.05852317073170731
2024-04-20,0.16756111111111113
2024-04-21,0.16890555555555556
2024-04-22,0.14934868421052633
2024-04-23,0.11424799999999999
2024-04-24,0.1371204301075269
2024-04-25,0.1325577319587629
2024-04-26,0.1649253164556962
2024-04-27,0.17479375
2024-04-28,0.08228437499999999
2024-05-01,0.167548
2024-05-02,0.13307666666666668
2024-05-03,0.14931739130434782
2024-05-04,-0.032966666666666665
2024-05-05,0.08733636363636364
2024-05-06,0.1524409090909091
2024-05-07,0.1836041095890411
2024-05-08,0.16589629629629632
2024-05-09,0.1692657142857143
2024-05-10,0.13801684210526316
2024-05-11,0.14195185185185186
2024-05-12,0.10906666666666667
2024-05-13,0.1500216216216216
2024-05-14,0.16886071428571428
2024-05-15,0.15015227272727272
2024-05-16,0.10936458333333333
2024-05-17,0.0942659090909091
2024-05-18,0.12103783783783784
2024-05-19,0.10574375
2024-05-20,0.016442553191489365
2024-05-21,0.10754642857142858
2024-05-22,0.14333333333333334
2024-05-23,0.11276451612903225
2024-05-24,0.19360246913580248
2024-05-25,0.1374
2024-05-26,0.02412307692307693
2024-05-27,0.0771
2024-05-28,0.1505283950617284
2024-05-29,0.10758243243243243
2024-06-01,0.07194444444444444
2024-06-02,0.07781739130434782
2024-06-03,0.12208181818181818
2024-06-04,0.09807083333333333
2024-06-05,0.14908870967741936
2024-06-06,0.10439186046511628
2024-06-07,0.09877708333333333
2024-06-08,0.09240645161290323
2024-06-09,0.11986000000000001
2024-06-10,0.13979642857142857
2024-07-01,0.15521954022988504
2024-07-02,0.08200277777777779
2024-07-03,0.0680340425531915
2024-07-04,0.18576250000000002
2024-07-05,0.09937826086956521
2024-07-06,0.051427999999999995
2024-07-07,0.05670384615384616
2024-07-08,0.11587682926829267
2024-07-09,0.13809213483146068
2024-07-10,0.09435851063829787
2024-07-11,0.09000526315789473
2024-07-12,0.11807192982456141
2024-08-01,0.15616578947368423
2024-08-02,0.11446796116504855
2024-08-03,0.10706046511627908
2024-08-04,0.13451944444444444
2024-08-05,0.008156310679611652
2024-08-06,0.11849607843137255
2024-08-07,0.1668777777777778
2024-08-08,0.11784027777777778
2024-08-09,0.1925048780487805
2024-08-10,0.05776486486486486
2024-08-11,-0.0017860465116279042
2024-08-12,0.11366
2024-08-13,0.1787764705882353
2024-08-14,0.084125
2024-08-15,0.04782424242424243
2024-08-16,0.18191230769230768
2024-08-17,-0.02029032258064516
2024-08-18,0.11942916666666666
2024-08-19,0.08718255813953488
2024-08-20,0.08675999999999999
2024-08-21,0.11183125
2024-08-22,0.07397567567567567
2024-08-23,0.0865951219512195
2024-08-24,0.09416875
2024-08-25,0.024736000000000008
2024-08-26,0.03309285714285714
2024-08-27,0.11005714285714285
2024-08-28,0.1132888888888889
2024-08-29,0.1526095652173913
2024-09-01,-0.03871363636363636
2024-09-02,0.08470394736842106
2024-09-03,0.11581686746987951
2024-09-04,0.05847608695652174
2024-09-05,0.09885
2024-09-06,0.10031149425287357
2024-09-07,-0.04931785714285715
2024-09-08,-0.011152941176470595
2024-09-09,0.14003255813953489
2024-09-10,0.08203931623931623
2024-09-11,0.0542876404494382
2024-09-12,0.1519039603960396
2024-09-13,0.04203783783783784
2024-09-14,-0.0230878787878788
2024-09-15,-0.11774499999999999
2024-09-16,0.10936352941176472
2024-09-17,0.0079375
2024-09-18,0.04792934782608695
2024-09-19,0.019037894736842104
2024-09-20,0.08515294117647058
2024-09-21,0.045364
2024-09-22,0.10949545454545455
2024-09-23,0.16285822784810128
2024-09-24,0.09032441860465117
2024-09-25,0.18737575757575758
2024-09-26,0.13188761904761906
2024-09-27,0.12404795918367348
2024-09-28,0.004312195121951216
2024-10-01,0.0897719298245614
2024-10-02,0.05543421052631578
2024-10-03,0.03326039603960396
2024-10-04,0.06782637362637362
2024-10-05,-0.00765277777777778
2024-10-06,-0.0826
2024-10-07,0.14274193548387099
2024-10-08,0.03443552631578947
2024-10-09,0.11531261261261261
2024-10-10,0.008054430379746834
2024-10-11,0.12753548387096775
2024-10-12,0.040916666666666664
2024-11-01,0.054736585365853664
2024-11-02,0.0993421052631579
2024-11-03,-0.04824761904761904
2024-11-04,0.07601975308641976
2024-11-05,0.07836559139784946
2024-11-06,0.1724622222222222
2024-11-07,0.13892307692307693
2024-11-08,0.12341875000000001
2024-11-09,0.101975
2024-11-10,-0.00024000000000000318
2024-11-11,0.1030153846153846
2024-12-01,-0.028441666666666657
2024-12-02,0.08303775510204082
2024-12-03,0.0785453488372093
2024-12-04,0.02046458333333333
2024-12-05,0.002362068965517238
2024-12-06,0.058921428571428576
2024-12-07,-0.12471363636363636
2024-12-08,-0.11370645161290323
2024-12-09,0.019796103896103895
2024-12-10,0.08968613861386138
2025-01-01,0.07232222222222223
2025-01-02,0.10389746835443038
2025-01-03,0.12250813953488372
2025-01-04,0.038384090909090916
2025-01-05,0.05873125
2025-01-06,0.11644177215189873
2025-01-07,0.10550102040816327
2025-01-08,0.09136222222222222
2025-01-09,0.1516032258064516
2025-01-10,0.06603125
2025-01-11,-0.024702702702702705
2025-01-12,0.11344000000000001
2025-01-13,0.07596039603960396
2025-01-14,0.17729166666666665
2025-02-01,0.11130714285714287
2025-02-02,0.21484489795918368
2025-02-03,0.10200294117647057
2025-02-04,0.04577913043478261
2025-02-05,0.058652631578947366
2025-02-06,0.11067362637362636
2025-02-07,0.04483783783783784
2025-02-08,0.042770454545454556
2025-02-09,0.037644
2025-02-10,0.06915686274509804
2025-03-01,0.008063829787234052
2025-03-02,-0.09728518518518518
2025-03-03,0.03385375
2025-03-04,0.021543902439024383
2025-03-05,0.011160999999999999
2025-03-06,-0.033131521739130435
2025-03-07,0.03468235294117647
2025-03-08,0.03170666666666666
2025-03-09,-0.06055909090909091
2025-03-10,-0.07541686746987952
2025-03-11,0.04520645161290323
2025-04-01,0.08351573033707864
2025-04-02,0.052705263157894734
2025-04-03,-0.029001666666666665
2025-04-04,-0.05550091743119266
2025-04-05,-0.17531020408163264
2025-04-06,0.0534
2025-04-07,-0.14817807017543858
2025-04-08,-0.052852777777777776
2025-04-09,-0.09350375939849624
2025-04-10,0.0032157407407407378
2025-04-11,-0.0018056603773584908
2025-05-01,0.06365652173913043
2025-05-02,0.13607916666666667
2025-05-03,0.0107925
2025-05-04,0.030653333333333328
2025-05-05,0.04171299999999999
2025-05-06,0.043775
2025-05-07,0.02181397849462366
2025-05-08,-0.03393960396039604
2025-05-09,-0.07105398230088496
2025-05-10,-0.1478205128205128
2025-05-11,-0.04651153846153845
2025-05-12,0.009566666666666668
2025-05-13,0.08756859504132232
2025-06-01,-0.18952903225806453
2025-06-02,-0.020950781249999998
2025-06-03,0.0063680412371134015
2025-06-04,-0.010180582524271842
2025-06-05,-0.003239361702127662
2025-06-06,0.08778928571428571
2025-06-07,0.006611538461538459
2025-06-08,-0.094428125
2025-06-09,0.03325142857142857
2025-06-10,0.16483913043478263
2025-06-11,0.09794698795180723
2025-06-12,-0.21565
2025-06-13,-0.40080000000000005
2025-06-14,-0.20095
2025-06-15,0.7184
2025-06-16,-0.03877499999999999
2025-06-17,-0.1378375
2025-06-18,-0.414
2025-06-19,-0.271325
2025-06-20,-0.52525
2025-06-22,-0.020899999999999974
2025-06-23,-0.09183333333333332
2025-06-24,-0.19435000000000002
2025-06-25,-0.4215
2025-06-26,-0.1871
2025-06-27,0.33483333333333337
2025-06-28,-0.5994
2025-06-29,-0.6327
2025-06-30,-0.6249
2025-07-01,-0.6249
2025-07-02,-0.14806666666666665
2025-07-04,0.0
2025-07-06,-0.8591
2025-07-07,-0.28245714285714285
2025-07-08,-0.54228
2025-07-09,0.0
2025-07-10,-0.2832125
2025-07-11,-0.46915
2025-07-12,0.296
2025-07-14,-0.43323333333333336
2025-07-15,-0.11002500000000001
2025-07-16,-0.26203333333333334
2025-07-17,-0.24623333333333333
2025-07-18,-0.5017333333333333
2025-07-19,-0.5525
2025-07-20,0.7165
2025-07-21,-0.8689
2025-07-22,-0.67315
2025-07-23,0.10594999999999999
2025-07-24,-0.036785714285714276
2025-07-25,-0.005483333333333322
2025-07-26,0.3612
2025-07-27,-0.29945
2025-07-28,-0.19793333333333332
2025-07-29,-0.08103333333333335
2025-07-30,0.15094000000000002
2025-07-31,-0.18952857142857144
2025-08-01,0.19595
2025-08-02,-0.42595
2025-08-03,-0.353
2025-08-04,-0.405975
2025-08-05,-0.37912500000000005
2025-08-06,0.24430000000000002
2025-08-07,-0.21585555555555558
2025-08-09,0.3612
2025-08-10,0.47155
2025-08-11,-0.5267
2025-08-12,-0.23498000000000002
2025-08-13,-0.251675
2025-08-14,-0.2972
2025-08-15,0.39135
2025-08-16,-0.6249
2025-08-18,0.11175
2025-08-19,0.16595
2025-08-20,0.042899999999999994
2025-08-21,-0.53805
2025-08-22,0.24235
2025-08-25,0.0
2025-08-26,-0.1531
2025-08-27,0.010699999999999998
2025-08-28,-0.6249
2025-08-29,-0.4033
2025-08-31,0.0
2025-09-01,-0.5465833333333333
2025-09-02,-0.10502857142857143
2025-09-03,0.6516
2025-09-04,-0.50925
2025-09-05,-0.2238
2025-09-07,0.0
2025-09-08,-0.34
2025-09-09,0.07543333333333334
2025-09-10,-0.28459999999999996
2025-09-11,-0.272
2025-09-12,-0.189475
2025-09-13,-0.34
2025-09-14,0.5719
2025-09-15,-0.38199999999999995
2025-09-16,-0.07902857142857143
2025-09-17,-0.11193333333333337
2025-09-18,0.5260333333333334
2025-09-19,0.0
2025-09-20,-0.6019666666666666
2025-09-21,0.0
2025-09-23,0.3818
2025-09-24,0.2307
2025-09-25,-0.4939
2025-09-26,0.010566666666666669
2025-09-28,-0.6249
2025-09-29,-0.13888571428571428
2025-09-30,0.19656666666666667
2025-10-02,-0.2294
2025-10-03,0.7579
2025-10-06,-0.3207666666666667
2025-10-07,-0.13396666666666665
2025-10-08,0.35036666666666666
2025-10-09,-0.33135000000000003
2025-10-10,0.03554999999999997
2025-10-11,0.20095
2025-10-12,-0.29295
2025-10-13,-0.14347500000000002
2025-10-14,-0.02563333333333333
2025-10-15,-0.07925000000000001
2025-10-16,-0.10813999999999999
2025-10-17,-0.2752333333333334
2025-10-18,0.6808
2025-10-20,-0.6369
2025-10-21,-0.2732
2025-10-22,-0.004716666666666679
2025-10-23,0.0
2025-10-24,0.44786666666666664
2025-10-26,0.35535
2025-10-27,0.0
2025-10-28,0.12986
2025-10-29,-0.08430000000000001
2025-10-30,0.04564
2025-10-31,-0.5267
2025-11-02,-0.7579
2025-11-03,0.06846
2025-11-04,-0.20972
2025-11-05,0.0
2025-11-06,-0.15707142857142856
2025-11-07,0.1654
2025-11-08,0.0
2025-11-09,-0.37210000000000004
2025-11-10,0.22115
2025-11-11,0.099875
2025-11-12,-0.49960000000000004
2025-11-13,-0.24653333333333335
2025-11-14,0.04185
2025-11-15,-0.2202
2025-11-17,0.056299999999999996
2025-11-18,-0.765
2025-11-19,0.307125
2025-11-20,-0.18076666666666666
2025-11-21,-0.08895
2025-11-22,0.0
2025-11-23,-0.7845
2025-11-25,0.0
2025-11-26,-0.3819000000000001
2025-11-27,0.37020000000000003
2025-11-29,-0.5994
2025-12-01,-0.296
2025-12-02,0.01056666666666665
2025-12-03,0.0794
2025-12-04,-0.0516
2025-12-05,-0.027883333333333333
2025-12-06,-0.11695
2025-12-07,0.08825000000000001
2025-12-08,-0.169725
2025-12-09,-0.41352500000000003
2025-12-10,0.2023
2025-12-11,-0.028100000000000003
2025-12-12,-0.07093333333333333
2025-12-14,0.0
2025-12-15,0.15293333333333334
2025-12-16,-0.19340000000000002
2025-12-17,-0.239475
2025-12-18,0.19804999999999998
2025-12-19,-0.07655999999999999
2025-12-20,0.29295
2025-12-21,-0.7783
2025-12-22,-0.5423
2025-12-23,-0.7269
2025-12-24,0.7391
2025-12-29,0.4767
2025-12-30,-0.22388333333333335
2025-12-31,-0.017724999999999998
2026-01-01,0.6249
2026-01-05,-0.26842499999999997
2026-01-06,0.31845
2026-01-07,-0.354975
2026-01-08,0.0
2026-01-09,0.0756
2026-01-10,-0.4939
2026-01-12,-0.33336666666666664
2026-01-13,-0.269825
2026-01-14,0.0197
2026-01-15,0.3836
2026-01-16,-0.09807999999999999
2026-01-17,0.0
2026-01-18,-0.6591333333333333
2026-01-19,-0.28515
2026-01-20,-0.52885
2026-01-21,-0.27076666666666666
2026-01-22,-0.177625
2026-01-23,0.7096
2026-01-24,0.0
2026-01-25,-0.4939
2026-01-26,-0.21075
2026-01-27,-0.4819
2026-01-28,0.322625
2026-01-29,0.08902499999999999
2026-01-30,-0.17277142857142858
2026-01-31,-0.6814
2026-02-02,-0.3412
2026-02-03,0.03423333333333333
2026-02-04,-0.34987499999999994
2026-02-05,0.20055
2026-02-06,0.0595
2026-02-08,-0.2023
2026-02-09,0.12196666666666667
2026-02-10,-0.06780000000000001
2026-02-11,0.5719
2026-02-12,0.2710333333333333
2026-02-13,-0.4404
2026-02-14,0.34
2026-02-15,-0.4404
2026-02-16,0.08886666666666666
2026-02-17,-0.06805
2026-02-18,0.11724000000000001
2026-02-19,-0.46855
2026-02-20,0.28855
2026-02-21,0.3182
2026-02-22,-0.38872500000000004
2026-02-23,-0.05465
2026-02-24,-0.26475
2026-02-25,0.005366666666666631
2026-02-26,-0.62615
2026-02-27,0.03692500000000002
2026-03-01,-0.23195000000000002
2026-03-02,-0.4791666666666667
2026-03-03,-0.18932222222222225
2026-03-04,-0.3468
2026-03-05,-0.33216666666666667
2026-03-06,-0.5834555555555556
2026-03-07,-0.347825
2026-03-08,-0.59775
2026-03-09,-0.5082875
2026-03-10,-0.3015125
2026-03-11,-0.28615
2026-03-12,-0.5901
2026-03-13,-0.28263333333333335
2026-03-14,-0.3317
2026-03-15,-0.3186
2026-03-16,-0.3773090909090909
2026-03-17,-0.6145
2026-03-18,-0.359825
2026-03-19,-0.14585555555555554
2026-03-20,-0.31992000000000004
2026-03-21,-0.46953333333333336
2026-03-22,-0.65488
2026-03-23,-0.10792857142857144
2026-03-24,-0.01960909090909091
2026-03-25,-0.04198666666666666
2026-03-26,-0.01189285714285715
2026-03-27,-0.3530133333333333
2026-03-28,-0.07345
2026-03-29,-0.3335166666666667
2026-03-30,-0.24486923076923078
2026-03-31,0.07634999999999999
2026-04-01,-0.14037222222222223
2026-04-02,-0.3105636363636364
2026-04-03,-0.017510000000000005
2026-04-04,0.12832499999999997
2026-04-05,-0.29086666666666666
2026-04-06,-0.1769857142857143
2026-04-07,-0.12701818181818184
2026-04-08,0.10552575757575756
2026-04-09,-0.05920961538461538
2026-04-10,0.020127450980392148
2026-04-11,0.105975
2026-04-12,0.12691739130434782
2026-04-13,0.06165862068965517
2026-04-14,-0.03740681818181818
2026-04-15,0.18357575757575756
